TAG,,Vission20_20_Comm_Check_2,"","DINT[24]","","(RADIX := Decimal, Constant := false, ExternalAccess := Read/Write)"
TAG,,Vission20_20_Comm_EN_2,"","DINT","","(RADIX := Decimal, Constant := false, ExternalAccess := Read/Write)"
TAG,,Vission20_20_Comm_Msg_Control_2,"","DINT[25]","","(RADIX := Decimal, Constant := false, ExternalAccess := Read/Write)"
COMMENT,,Vission20_20_Comm_Msg_Control_2,"Vission 20/20$NDigitial Inputs $NRead Message Control",,"Vission20_20_Comm_Msg_Control_2[0].1"
COMMENT,,Vission20_20_Comm_Msg_Control_2,"Vission 20/20$NDigitial Outputs$NRead Message Control",,"Vission20_20_Comm_Msg_Control_2[1].1"
COMMENT,,Vission20_20_Comm_Msg_Control_2,"Vission 20/20$NAnalog Inputs$NRead Message Control",,"Vission20_20_Comm_Msg_Control_2[2].1"
COMMENT,,Vission20_20_Comm_Msg_Control_2,"Vission 20/20$NAnalog Outputs$NRead Message Control",,"Vission20_20_Comm_Msg_Control_2[3].1"
COMMENT,,Vission20_20_Comm_Msg_Control_2,"Vission 20/20$NCaculated Values$NRead Message Control",,"Vission20_20_Comm_Msg_Control_2[4].1"
COMMENT,,Vission20_20_Comm_Msg_Control_2,"Vission 20/20$NStatuses$NRead Message Control",,"Vission20_20_Comm_Msg_Control_2[5].1"
COMMENT,,Vission20_20_Comm_Msg_Control_2,"Vission 20/20$NCommands$NRead Message Control",,"Vission20_20_Comm_Msg_Control_2[6].1"
COMMENT,,Vission20_20_Comm_Msg_Control_2,"Vission 20/20$NCompressor Control Setpoints$NRead Message Control",,"Vission20_20_Comm_Msg_Control_2[7].1"
COMMENT,,Vission20_20_Comm_Msg_Control_2,"Vission 20/20$NAuto Cycle$NRead Message Control",,"Vission20_20_Comm_Msg_Control_2[8].1"
COMMENT,,Vission20_20_Comm_Msg_Control_2,"Vission 20/20$NPump Down$NRead Message Control",,"Vission20_20_Comm_Msg_Control_2[9].1"
COMMENT,,Vission20_20_Comm_Msg_Control_2,"Vission 20/20$NPull Down$NRead Message Control",,"Vission20_20_Comm_Msg_Control_2[10].1"
COMMENT,,Vission20_20_Comm_Msg_Control_2,"Vission 20/20$NMisc 1$NRead Message Control",,"Vission20_20_Comm_Msg_Control_2[11].1"
COMMENT,,Vission20_20_Comm_Msg_Control_2,"Vission 20/20$NMisc 2$NRead Message Control",,"Vission20_20_Comm_Msg_Control_2[12].1"
COMMENT,,Vission20_20_Comm_Msg_Control_2,"Vission 20/20$NCompressor VFD$NRead Message Control",,"Vission20_20_Comm_Msg_Control_2[13].1"
COMMENT,,Vission20_20_Comm_Msg_Control_2,"Vission 20/20$NCool Compression$NRead Message Control",,"Vission20_20_Comm_Msg_Control_2[14].1"
COMMENT,,Vission20_20_Comm_Msg_Control_2,"Vission 20/20$NAlarms/Trips (Page1)$NRead Message Control",,"Vission20_20_Comm_Msg_Control_2[15].1"
COMMENT,,Vission20_20_Comm_Msg_Control_2,"Vission 20/20$NAlarms/Trips (Page2)$NRead Message Control",,"Vission20_20_Comm_Msg_Control_2[16].1"
COMMENT,,Vission20_20_Comm_Msg_Control_2,"Vission 20/20$NAlarms/Trips $N(Page 3)$NRead Message Control",,"Vission20_20_Comm_Msg_Control_2[17].1"
COMMENT,,Vission20_20_Comm_Msg_Control_2,"Vission 20/20$NTimers$NRead Message Control",,"Vission20_20_Comm_Msg_Control_2[18].1"
COMMENT,,Vission20_20_Comm_Msg_Control_2,"Vission 20/20$NCompressor Scheduling$N(Military Traiing)$NRead Message Control",,"Vission20_20_Comm_Msg_Control_2[19].1"
COMMENT,,Vission20_20_Comm_Msg_Control_2,"Vission 20/20$NCompressor Sequencing$NRead Message Control",,"Vission20_20_Comm_Msg_Control_2[20].1"
COMMENT,,Vission20_20_Comm_Msg_Control_2,"Vission 20/20$NCondenser Control$NRead Message Control",,"Vission20_20_Comm_Msg_Control_2[21].1"
COMMENT,,Vission20_20_Comm_Msg_Control_2,"Vission 20/20$NConfiguration (Time)$NRead Message Control",,"Vission20_20_Comm_Msg_Control_2[22].1"
COMMENT,,Vission20_20_Comm_Msg_Control_2,"Vission 20/20$NConfiguration (Other)$NRead Message Control",,"Vission20_20_Comm_Msg_Control_2[23].1"
COMMENT,,Vission20_20_Comm_Msg_Control_2,"Reset Bit",,"Vission20_20_Comm_Msg_Control_2[24].1"
TAG,,Vission20_20_Compressor_3_AC,"Vission 20_20$NCompressor 2 $NAuto Cycle","DINT[10]","","(RADIX := Decimal, Constant := false, ExternalAccess := Read/Write)"
COMMENT,,Vission20_20_Compressor_3_AC,"Start (Press/Temp) Setpoint$N#1",,"Vission20_20_Compressor_3_AC[0]"
COMMENT,,Vission20_20_Compressor_3_AC,"Start Delay Time Setpoint #1",,"Vission20_20_Compressor_3_AC[1]"
COMMENT,,Vission20_20_Compressor_3_AC,"Stop (Press/Temp) Setpoint$N#1",,"Vission20_20_Compressor_3_AC[2]"
COMMENT,,Vission20_20_Compressor_3_AC,"Stop Delay Time Setpoint #1",,"Vission20_20_Compressor_3_AC[3]"
COMMENT,,Vission20_20_Compressor_3_AC,"Minimum Slide Position$NSetpoint #1",,"Vission20_20_Compressor_3_AC[4]"
COMMENT,,Vission20_20_Compressor_3_AC,"Start (Press/Temp) Setpoint$N#2",,"Vission20_20_Compressor_3_AC[5]"
COMMENT,,Vission20_20_Compressor_3_AC,"Start Delay Time Setpoint #2",,"Vission20_20_Compressor_3_AC[6]"
COMMENT,,Vission20_20_Compressor_3_AC,"Stop (Press/Temp) Setpoint$N#2",,"Vission20_20_Compressor_3_AC[7]"
COMMENT,,Vission20_20_Compressor_3_AC,"Stop Delay Time Setpoint #2",,"Vission20_20_Compressor_3_AC[8]"
COMMENT,,Vission20_20_Compressor_3_AC,"Minimum Slide Position$NSetpoint #2",,"Vission20_20_Compressor_3_AC[9]"
TAG,,Vission20_20_Compressor_3_AI,"Vission 20_20 Compressor 2  Analog Input","DINT[32]","","(RADIX := Decimal, Constant := false, ExternalAccess := Read/Write)"
COMMENT,,Vission20_20_Compressor_3_AI,"Motor Amps",,"Vission20_20_Compressor_3_AI[0]"
COMMENT,,Vission20_20_Compressor_3_AI,"Suction Pressure",,"Vission20_20_Compressor_3_AI[1]"
COMMENT,,Vission20_20_Compressor_3_AI,"Discharge Pressure",,"Vission20_20_Compressor_3_AI[2]"
COMMENT,,Vission20_20_Compressor_3_AI,"Oil Filter Inlet Pressure",,"Vission20_20_Compressor_3_AI[3]"
COMMENT,,Vission20_20_Compressor_3_AI,"Oil Manifold Pressure",,"Vission20_20_Compressor_3_AI[4]"
COMMENT,,Vission20_20_Compressor_3_AI,"Economizer Pressure",,"Vission20_20_Compressor_3_AI[5]"
COMMENT,,Vission20_20_Compressor_3_AI,"Capacity Slide %",,"Vission20_20_Compressor_3_AI[6]"
COMMENT,,Vission20_20_Compressor_3_AI,"Volume Slide %",,"Vission20_20_Compressor_3_AI[7]"
COMMENT,,Vission20_20_Compressor_3_AI,"Suction Temperature",,"Vission20_20_Compressor_3_AI[8]"
COMMENT,,Vission20_20_Compressor_3_AI,"Discharge Temperature",,"Vission20_20_Compressor_3_AI[9]"
COMMENT,,Vission20_20_Compressor_3_AI,"Oil Separator Temperature",,"Vission20_20_Compressor_3_AI[10]"
COMMENT,,Vission20_20_Compressor_3_AI,"Oil Manifold Temperature",,"Vission20_20_Compressor_3_AI[11]"
COMMENT,,Vission20_20_Compressor_3_AI,"Process Temperature",,"Vission20_20_Compressor_3_AI[12]"
COMMENT,,Vission20_20_Compressor_3_AI,"Chiller Inlet Temperature",,"Vission20_20_Compressor_3_AI[13]"
COMMENT,,Vission20_20_Compressor_3_AI,"Condenser Pressure",,"Vission20_20_Compressor_3_AI[14]"
COMMENT,,Vission20_20_Compressor_3_AI,"Remote Setpoint",,"Vission20_20_Compressor_3_AI[15]"
COMMENT,,Vission20_20_Compressor_3_AI,"Auxiliary 1",,"Vission20_20_Compressor_3_AI[16]"
COMMENT,,Vission20_20_Compressor_3_AI,"Auxiliary 2",,"Vission20_20_Compressor_3_AI[17]"
COMMENT,,Vission20_20_Compressor_3_AI,"Auxiliary 3",,"Vission20_20_Compressor_3_AI[18]"
COMMENT,,Vission20_20_Compressor_3_AI,"Auxiliary 4",,"Vission20_20_Compressor_3_AI[19]"
COMMENT,,Vission20_20_Compressor_3_AI,"Auxiliary 5",,"Vission20_20_Compressor_3_AI[20]"
COMMENT,,Vission20_20_Compressor_3_AI,"Auxiliary 6",,"Vission20_20_Compressor_3_AI[21]"
COMMENT,,Vission20_20_Compressor_3_AI,"Auxiliary 7",,"Vission20_20_Compressor_3_AI[22]"
COMMENT,,Vission20_20_Compressor_3_AI,"Auxiliary 8",,"Vission20_20_Compressor_3_AI[23]"
COMMENT,,Vission20_20_Compressor_3_AI,"Auxiliary 9",,"Vission20_20_Compressor_3_AI[24]"
COMMENT,,Vission20_20_Compressor_3_AI,"Auxiliary 10",,"Vission20_20_Compressor_3_AI[25]"
COMMENT,,Vission20_20_Compressor_3_AI,"Auxiliary 11",,"Vission20_20_Compressor_3_AI[26]"
COMMENT,,Vission20_20_Compressor_3_AI,"Auxiliary 12",,"Vission20_20_Compressor_3_AI[27]"
COMMENT,,Vission20_20_Compressor_3_AI,"Auxiliary 13",,"Vission20_20_Compressor_3_AI[28]"
COMMENT,,Vission20_20_Compressor_3_AI,"Auxiliary 14",,"Vission20_20_Compressor_3_AI[29]"
COMMENT,,Vission20_20_Compressor_3_AI,"Auxiliary 15",,"Vission20_20_Compressor_3_AI[30]"
COMMENT,,Vission20_20_Compressor_3_AI,"Auxiliary 16",,"Vission20_20_Compressor_3_AI[31]"
TAG,,Vission20_20_Compressor_3_Alarms_Trip1,"Vission 20_20$NCompressor 2 $NAlarms/Trips $N(Page 1)","DINT[14]","","(RADIX := Decimal, Constant := false, ExternalAccess := Read/Write)"
COMMENT,,Vission20_20_Compressor_3_Alarms_Trip1,"Low Suction Press. Alarm$NSetpoint #1",,"Vission20_20_Compressor_3_Alarms_Trip1[0]"
COMMENT,,Vission20_20_Compressor_3_Alarms_Trip1,"Low Suction Press. Trip$NSetpoint #1",,"Vission20_20_Compressor_3_Alarms_Trip1[1]"
COMMENT,,Vission20_20_Compressor_3_Alarms_Trip1,"High Disch. Press. Alarm$NSetpoint #1",,"Vission20_20_Compressor_3_Alarms_Trip1[2]"
COMMENT,,Vission20_20_Compressor_3_Alarms_Trip1,"High Disch. Press. Trip$NSetpoint #1",,"Vission20_20_Compressor_3_Alarms_Trip1[3]"
COMMENT,,Vission20_20_Compressor_3_Alarms_Trip1,"High Proc. Temp. Alarm$NSetpoint #1",,"Vission20_20_Compressor_3_Alarms_Trip1[4]"
COMMENT,,Vission20_20_Compressor_3_Alarms_Trip1,"Low Proc. Temp. Alarm$NSetpoint #1",,"Vission20_20_Compressor_3_Alarms_Trip1[5]"
COMMENT,,Vission20_20_Compressor_3_Alarms_Trip1,"Low Proc. Temp. Trip$NSetpoint #1",,"Vission20_20_Compressor_3_Alarms_Trip1[6]"
COMMENT,,Vission20_20_Compressor_3_Alarms_Trip1,"Low Suction Press. Alarm$NSetpoint #2",,"Vission20_20_Compressor_3_Alarms_Trip1[7]"
COMMENT,,Vission20_20_Compressor_3_Alarms_Trip1,"Low Suction Press. Trip$NSetpoint #2",,"Vission20_20_Compressor_3_Alarms_Trip1[8]"
COMMENT,,Vission20_20_Compressor_3_Alarms_Trip1,"High Disch. Press. Alarm$NSetpoint #2",,"Vission20_20_Compressor_3_Alarms_Trip1[9]"
COMMENT,,Vission20_20_Compressor_3_Alarms_Trip1,"High Disch. Press. Trip$NSetpoint #2",,"Vission20_20_Compressor_3_Alarms_Trip1[10]"
COMMENT,,Vission20_20_Compressor_3_Alarms_Trip1,"High Proc. Temp. Alarm$NSetpoint #2",,"Vission20_20_Compressor_3_Alarms_Trip1[11]"
COMMENT,,Vission20_20_Compressor_3_Alarms_Trip1,"Low Proc. Temp. Alarm$NSetpoint #2",,"Vission20_20_Compressor_3_Alarms_Trip1[12]"
COMMENT,,Vission20_20_Compressor_3_Alarms_Trip1,"Low Proc. Temp. Trip$NSetpoint #2",,"Vission20_20_Compressor_3_Alarms_Trip1[13]"
TAG,,Vission20_20_Compressor_3_Alarms_Trip2,"Vission 20_20$NCompressor 2 $NAlarms/Trips $N(Page 2)","DINT[18]","","(RADIX := Decimal, Constant := false, ExternalAccess := Read/Write)"
COMMENT,,Vission20_20_Compressor_3_Alarms_Trip2,"Low Suction Temp. Alarm",,"Vission20_20_Compressor_3_Alarms_Trip2[0]"
COMMENT,,Vission20_20_Compressor_3_Alarms_Trip2,"Low Suction Temp. Trip",,"Vission20_20_Compressor_3_Alarms_Trip2[1]"
COMMENT,,Vission20_20_Compressor_3_Alarms_Trip2,"High Disch. Temp. Alarm",,"Vission20_20_Compressor_3_Alarms_Trip2[2]"
COMMENT,,Vission20_20_Compressor_3_Alarms_Trip2,"High Disch. Temp. Trip",,"Vission20_20_Compressor_3_Alarms_Trip2[3]"
COMMENT,,Vission20_20_Compressor_3_Alarms_Trip2,"Low Oil Sep. Start Temp.$NAlarm",,"Vission20_20_Compressor_3_Alarms_Trip2[4]"
COMMENT,,Vission20_20_Compressor_3_Alarms_Trip2,"Low Oil Sep. Start Temp. Trip",,"Vission20_20_Compressor_3_Alarms_Trip2[5]"
COMMENT,,Vission20_20_Compressor_3_Alarms_Trip2,"Low Oil Sep. Run Temp.$NAlarm",,"Vission20_20_Compressor_3_Alarms_Trip2[6]"
COMMENT,,Vission20_20_Compressor_3_Alarms_Trip2,"Low Oil Sep. Run Temp. Trip",,"Vission20_20_Compressor_3_Alarms_Trip2[7]"
COMMENT,,Vission20_20_Compressor_3_Alarms_Trip2,"Low Oil Inj. Temp Alarm",,"Vission20_20_Compressor_3_Alarms_Trip2[8]"
COMMENT,,Vission20_20_Compressor_3_Alarms_Trip2,"Low Oil Inj. Temp Trip",,"Vission20_20_Compressor_3_Alarms_Trip2[9]"
COMMENT,,Vission20_20_Compressor_3_Alarms_Trip2,"High Oil Inj. Temp Alarm",,"Vission20_20_Compressor_3_Alarms_Trip2[10]"
COMMENT,,Vission20_20_Compressor_3_Alarms_Trip2,"High Oil Inj. Temp Trip",,"Vission20_20_Compressor_3_Alarms_Trip2[11]"
COMMENT,,Vission20_20_Compressor_3_Alarms_Trip2,"High Oil Separator Temp$NAlarm",,"Vission20_20_Compressor_3_Alarms_Trip2[12]"
COMMENT,,Vission20_20_Compressor_3_Alarms_Trip2,"High Oil Separator Temp Trip",,"Vission20_20_Compressor_3_Alarms_Trip2[13]"
COMMENT,,Vission20_20_Compressor_3_Alarms_Trip2,"High Superheat Start Temp$NTrip",,"Vission20_20_Compressor_3_Alarms_Trip2[14]"
COMMENT,,Vission20_20_Compressor_3_Alarms_Trip2,"High Superheat Run Temp$NAlarm",,"Vission20_20_Compressor_3_Alarms_Trip2[15]"
COMMENT,,Vission20_20_Compressor_3_Alarms_Trip2,"High Superheat Run Temp$NTrip",,"Vission20_20_Compressor_3_Alarms_Trip2[16]"
COMMENT,,Vission20_20_Compressor_3_Alarms_Trip2,"High Superheat Start Offset$NTemp",,"Vission20_20_Compressor_3_Alarms_Trip2[17]"
TAG,,Vission20_20_Compressor_3_Alarms_Trip3,"Vission 20_20$NCompressor 2 $NAlarms/Trips $N(Page 3)","DINT[12]","","(RADIX := Decimal, Constant := false, ExternalAccess := Read/Write)"
COMMENT,,Vission20_20_Compressor_3_Alarms_Trip3,"Prelube Oil Pressure Alarm",,"Vission20_20_Compressor_3_Alarms_Trip3[0]"
COMMENT,,Vission20_20_Compressor_3_Alarms_Trip3,"Prelube Oil Pressure Trip",,"Vission20_20_Compressor_3_Alarms_Trip3[1]"
COMMENT,,Vission20_20_Compressor_3_Alarms_Trip3,"Run Oil Pressure Alarm",,"Vission20_20_Compressor_3_Alarms_Trip3[2]"
COMMENT,,Vission20_20_Compressor_3_Alarms_Trip3,"Run Oil Pressure Trip",,"Vission20_20_Compressor_3_Alarms_Trip3[3]"
COMMENT,,Vission20_20_Compressor_3_Alarms_Trip3,"High Filter Diff. Start Press.$NAlarm",,"Vission20_20_Compressor_3_Alarms_Trip3[4]"
COMMENT,,Vission20_20_Compressor_3_Alarms_Trip3,"High Filter Diff. Start Press.$NTrip",,"Vission20_20_Compressor_3_Alarms_Trip3[5]"
COMMENT,,Vission20_20_Compressor_3_Alarms_Trip3,"High Filter Diff. Run Press.$NAlarm",,"Vission20_20_Compressor_3_Alarms_Trip3[6]"
COMMENT,,Vission20_20_Compressor_3_Alarms_Trip3,"High Filter Diff. Run Press.$NTrip",,"Vission20_20_Compressor_3_Alarms_Trip3[7]"
COMMENT,,Vission20_20_Compressor_3_Alarms_Trip3,"High Motor Amps Alarm",,"Vission20_20_Compressor_3_Alarms_Trip3[8]"
COMMENT,,Vission20_20_Compressor_3_Alarms_Trip3,"High Motor Amps Trip",,"Vission20_20_Compressor_3_Alarms_Trip3[9]"
COMMENT,,Vission20_20_Compressor_3_Alarms_Trip3,"Low Run Pressure Ratio$NAlarm",,"Vission20_20_Compressor_3_Alarms_Trip3[10]"
COMMENT,,Vission20_20_Compressor_3_Alarms_Trip3,"Low Run Pressure Ratio Trip",,"Vission20_20_Compressor_3_Alarms_Trip3[11]"
TAG,,Vission20_20_Compressor_3_AO,"Vission 20_20$NCompressor 2 $NAnalog Outputs","DINT[8]","","(RADIX := Decimal, Constant := false, ExternalAccess := Read/Write)"
COMMENT,,Vission20_20_Compressor_3_AO,"Compressor VFD (mA)",,"Vission20_20_Compressor_3_AO[0]"
COMMENT,,Vission20_20_Compressor_3_AO,"Condenser VFD",,"Vission20_20_Compressor_3_AO[1]"
COMMENT,,Vission20_20_Compressor_3_AO,"Slide Valve Output",,"Vission20_20_Compressor_3_AO[2]"
COMMENT,,Vission20_20_Compressor_3_AO,"Liquid Injection Motorized Valve",,"Vission20_20_Compressor_3_AO[3]"
COMMENT,,Vission20_20_Compressor_3_AO,"Profile VFD",,"Vission20_20_Compressor_3_AO[4]"
COMMENT,,Vission20_20_Compressor_3_AO,"Spare #1",,"Vission20_20_Compressor_3_AO[5]"
COMMENT,,Vission20_20_Compressor_3_AO,"Spare #2",,"Vission20_20_Compressor_3_AO[6]"
COMMENT,,Vission20_20_Compressor_3_AO,"Spare #3",,"Vission20_20_Compressor_3_AO[7]"
TAG,,Vission20_20_Compressor_3_CCS,"Vission 20_20$NCompressor 2 $NCompressor Control Setpoints","DINT[18]","","(RADIX := Decimal, Constant := false, ExternalAccess := Read/Write)"
COMMENT,,Vission20_20_Compressor_3_CCS,"Setpoint #1 (Pressure, Temp)",,"Vission20_20_Compressor_3_CCS[0]"
COMMENT,,Vission20_20_Compressor_3_CCS,"Cap Inc Time Interval$NSetpoint #1",,"Vission20_20_Compressor_3_CCS[1]"
COMMENT,,Vission20_20_Compressor_3_CCS,"Cap Inc Proportional Band$NSetpoint #1",,"Vission20_20_Compressor_3_CCS[2]"
COMMENT,,Vission20_20_Compressor_3_CCS,"Cap Dec Time Interval$NSetpoint #1",,"Vission20_20_Compressor_3_CCS[3]"
COMMENT,,Vission20_20_Compressor_3_CCS,"Cap Dec Proportional Band$NSetpoint #1",,"Vission20_20_Compressor_3_CCS[4]"
COMMENT,,Vission20_20_Compressor_3_CCS,"Setpoint #2 (Pressure, Temp)",,"Vission20_20_Compressor_3_CCS[5]"
COMMENT,,Vission20_20_Compressor_3_CCS,"Cap Inc Time Interval$NSetpoint #2",,"Vission20_20_Compressor_3_CCS[6]"
COMMENT,,Vission20_20_Compressor_3_CCS,"Cap Inc Proportional Band$NSetpoint #2",,"Vission20_20_Compressor_3_CCS[7]"
COMMENT,,Vission20_20_Compressor_3_CCS,"Cap Dec Time Interval$NSetpoint #2",,"Vission20_20_Compressor_3_CCS[8]"
COMMENT,,Vission20_20_Compressor_3_CCS,"Cap Dec Proportional Band$NSetpoint #2",,"Vission20_20_Compressor_3_CCS[9]"
COMMENT,,Vission20_20_Compressor_3_CCS,"Cap Inc Pulse Time Setpoint$N#1",,"Vission20_20_Compressor_3_CCS[10]"
COMMENT,,Vission20_20_Compressor_3_CCS,"Cap Inc Dead Band Setpoint$N#1",,"Vission20_20_Compressor_3_CCS[11]"
COMMENT,,Vission20_20_Compressor_3_CCS,"Cap Dec Pulse Time Setpoint$N#1",,"Vission20_20_Compressor_3_CCS[12]"
COMMENT,,Vission20_20_Compressor_3_CCS,"Cap Dec Dead Band Setpoint$N#1",,"Vission20_20_Compressor_3_CCS[13]"
COMMENT,,Vission20_20_Compressor_3_CCS,"Cap Inc Pulse Time Setpoint$N#2",,"Vission20_20_Compressor_3_CCS[14]"
COMMENT,,Vission20_20_Compressor_3_CCS,"Cap Inc Dead Band Setpoint$N#2",,"Vission20_20_Compressor_3_CCS[15]"
COMMENT,,Vission20_20_Compressor_3_CCS,"Cap Dec Pulse Time Setpoint$N#2",,"Vission20_20_Compressor_3_CCS[16]"
COMMENT,,Vission20_20_Compressor_3_CCS,"Cap Dec Dead Band Setpoint$N#2",,"Vission20_20_Compressor_3_CCS[17]"
TAG,,Vission20_20_Compressor_3_Cmp_Sch_time,"Vission 20_20$NCompressor 2 $NCompressor Scheduling (Military Time)","DINT[85]","","(RADIX := Decimal, Constant := false, ExternalAccess := Read/Write)"
COMMENT,,Vission20_20_Compressor_3_Cmp_Sch_time,"Sunday Event #1 Control$NMode",,"Vission20_20_Compressor_3_Cmp_Sch_time[0]"
COMMENT,,Vission20_20_Compressor_3_Cmp_Sch_time,"Sunday Event #1 Hour",,"Vission20_20_Compressor_3_Cmp_Sch_time[1]"
COMMENT,,Vission20_20_Compressor_3_Cmp_Sch_time,"Sunday Event #1 Minute",,"Vission20_20_Compressor_3_Cmp_Sch_time[2]"
COMMENT,,Vission20_20_Compressor_3_Cmp_Sch_time,"Sunday Event #2 Control$NMode",,"Vission20_20_Compressor_3_Cmp_Sch_time[3]"
COMMENT,,Vission20_20_Compressor_3_Cmp_Sch_time,"Sunday Event #2 Hour",,"Vission20_20_Compressor_3_Cmp_Sch_time[4]"
COMMENT,,Vission20_20_Compressor_3_Cmp_Sch_time,"Sunday Event #2 Minute",,"Vission20_20_Compressor_3_Cmp_Sch_time[5]"
COMMENT,,Vission20_20_Compressor_3_Cmp_Sch_time,"Sunday Event #3 Control$NMode",,"Vission20_20_Compressor_3_Cmp_Sch_time[6]"
COMMENT,,Vission20_20_Compressor_3_Cmp_Sch_time,"Sunday Event #3 Hour",,"Vission20_20_Compressor_3_Cmp_Sch_time[7]"
COMMENT,,Vission20_20_Compressor_3_Cmp_Sch_time,"Sunday Event #3 Minute",,"Vission20_20_Compressor_3_Cmp_Sch_time[8]"
COMMENT,,Vission20_20_Compressor_3_Cmp_Sch_time,"Sunday Event #4 Control$NMode",,"Vission20_20_Compressor_3_Cmp_Sch_time[9]"
COMMENT,,Vission20_20_Compressor_3_Cmp_Sch_time,"Sunday Event #4 Hour",,"Vission20_20_Compressor_3_Cmp_Sch_time[10]"
COMMENT,,Vission20_20_Compressor_3_Cmp_Sch_time,"Sunday Event #4 Minute",,"Vission20_20_Compressor_3_Cmp_Sch_time[11]"
COMMENT,,Vission20_20_Compressor_3_Cmp_Sch_time,"Monday Event #1 Control$NMode",,"Vission20_20_Compressor_3_Cmp_Sch_time[12]"
COMMENT,,Vission20_20_Compressor_3_Cmp_Sch_time,"Monday Event #1 Hour",,"Vission20_20_Compressor_3_Cmp_Sch_time[13]"
COMMENT,,Vission20_20_Compressor_3_Cmp_Sch_time,"Monday Event #1 Minute",,"Vission20_20_Compressor_3_Cmp_Sch_time[14]"
COMMENT,,Vission20_20_Compressor_3_Cmp_Sch_time,"Monday Event #2 Control$NMode",,"Vission20_20_Compressor_3_Cmp_Sch_time[15]"
COMMENT,,Vission20_20_Compressor_3_Cmp_Sch_time,"Monday Event #2 Hour",,"Vission20_20_Compressor_3_Cmp_Sch_time[16]"
COMMENT,,Vission20_20_Compressor_3_Cmp_Sch_time,"Monday Event #2 Minute",,"Vission20_20_Compressor_3_Cmp_Sch_time[17]"
COMMENT,,Vission20_20_Compressor_3_Cmp_Sch_time,"Monday Event #3 Control$NMode",,"Vission20_20_Compressor_3_Cmp_Sch_time[18]"
COMMENT,,Vission20_20_Compressor_3_Cmp_Sch_time,"Monday Event #3 Hour",,"Vission20_20_Compressor_3_Cmp_Sch_time[19]"
COMMENT,,Vission20_20_Compressor_3_Cmp_Sch_time,"Monday Event #3 Minute",,"Vission20_20_Compressor_3_Cmp_Sch_time[20]"
COMMENT,,Vission20_20_Compressor_3_Cmp_Sch_time,"Monday Event #4 Control$NMode",,"Vission20_20_Compressor_3_Cmp_Sch_time[21]"
COMMENT,,Vission20_20_Compressor_3_Cmp_Sch_time,"Monday Event #4 Hour",,"Vission20_20_Compressor_3_Cmp_Sch_time[22]"
COMMENT,,Vission20_20_Compressor_3_Cmp_Sch_time,"Monday Event #4 Minute",,"Vission20_20_Compressor_3_Cmp_Sch_time[23]"
COMMENT,,Vission20_20_Compressor_3_Cmp_Sch_time,"Tuesday Event #1 Control$NMode",,"Vission20_20_Compressor_3_Cmp_Sch_time[24]"
COMMENT,,Vission20_20_Compressor_3_Cmp_Sch_time,"Tuesday Event #1 Hour",,"Vission20_20_Compressor_3_Cmp_Sch_time[25]"
COMMENT,,Vission20_20_Compressor_3_Cmp_Sch_time,"Tuesday Event #1 Minute",,"Vission20_20_Compressor_3_Cmp_Sch_time[26]"
COMMENT,,Vission20_20_Compressor_3_Cmp_Sch_time,"Tuesday Event #2 Control$NMode",,"Vission20_20_Compressor_3_Cmp_Sch_time[27]"
COMMENT,,Vission20_20_Compressor_3_Cmp_Sch_time,"Tuesday Event #2 Hour",,"Vission20_20_Compressor_3_Cmp_Sch_time[28]"
COMMENT,,Vission20_20_Compressor_3_Cmp_Sch_time,"Tuesday Event #2 Minute",,"Vission20_20_Compressor_3_Cmp_Sch_time[29]"
COMMENT,,Vission20_20_Compressor_3_Cmp_Sch_time,"Tuesday Event #3 Control$NMode",,"Vission20_20_Compressor_3_Cmp_Sch_time[30]"
COMMENT,,Vission20_20_Compressor_3_Cmp_Sch_time,"Tuesday Event #3 Hour",,"Vission20_20_Compressor_3_Cmp_Sch_time[31]"
COMMENT,,Vission20_20_Compressor_3_Cmp_Sch_time,"Tuesday Event #3 Minute",,"Vission20_20_Compressor_3_Cmp_Sch_time[32]"
COMMENT,,Vission20_20_Compressor_3_Cmp_Sch_time,"Tuesday Event #4 Control$NMode",,"Vission20_20_Compressor_3_Cmp_Sch_time[33]"
COMMENT,,Vission20_20_Compressor_3_Cmp_Sch_time,"Tuesday Event #4 Hour",,"Vission20_20_Compressor_3_Cmp_Sch_time[34]"
COMMENT,,Vission20_20_Compressor_3_Cmp_Sch_time,"Tuesday Event #4 Minute",,"Vission20_20_Compressor_3_Cmp_Sch_time[35]"
COMMENT,,Vission20_20_Compressor_3_Cmp_Sch_time,"Wednesday Event #1 Control$NMode",,"Vission20_20_Compressor_3_Cmp_Sch_time[36]"
COMMENT,,Vission20_20_Compressor_3_Cmp_Sch_time,"Wednesday Event #1 Hour",,"Vission20_20_Compressor_3_Cmp_Sch_time[37]"
COMMENT,,Vission20_20_Compressor_3_Cmp_Sch_time,"Wednesday Event #1 Minute",,"Vission20_20_Compressor_3_Cmp_Sch_time[38]"
COMMENT,,Vission20_20_Compressor_3_Cmp_Sch_time,"Wednesday Event #2 Control$NMode",,"Vission20_20_Compressor_3_Cmp_Sch_time[39]"
COMMENT,,Vission20_20_Compressor_3_Cmp_Sch_time,"Wednesday Event #2 Hour",,"Vission20_20_Compressor_3_Cmp_Sch_time[40]"
COMMENT,,Vission20_20_Compressor_3_Cmp_Sch_time,"Wednesday Event #2 Minute",,"Vission20_20_Compressor_3_Cmp_Sch_time[41]"
COMMENT,,Vission20_20_Compressor_3_Cmp_Sch_time,"Wednesday Event #3 Control$NMode",,"Vission20_20_Compressor_3_Cmp_Sch_time[42]"
COMMENT,,Vission20_20_Compressor_3_Cmp_Sch_time,"Wednesday Event #3 Hour",,"Vission20_20_Compressor_3_Cmp_Sch_time[43]"
COMMENT,,Vission20_20_Compressor_3_Cmp_Sch_time,"Wednesday Event #3 Minute",,"Vission20_20_Compressor_3_Cmp_Sch_time[44]"
COMMENT,,Vission20_20_Compressor_3_Cmp_Sch_time,"Wednesday Event #4 Control$NMode",,"Vission20_20_Compressor_3_Cmp_Sch_time[45]"
COMMENT,,Vission20_20_Compressor_3_Cmp_Sch_time,"Wednesday Event #4 Hour",,"Vission20_20_Compressor_3_Cmp_Sch_time[46]"
COMMENT,,Vission20_20_Compressor_3_Cmp_Sch_time,"Wednesday Event #4 Minute",,"Vission20_20_Compressor_3_Cmp_Sch_time[47]"
COMMENT,,Vission20_20_Compressor_3_Cmp_Sch_time,"Thursday Event #1 Control$NMode",,"Vission20_20_Compressor_3_Cmp_Sch_time[48]"
COMMENT,,Vission20_20_Compressor_3_Cmp_Sch_time,"Thursday Event #1 Hour",,"Vission20_20_Compressor_3_Cmp_Sch_time[49]"
COMMENT,,Vission20_20_Compressor_3_Cmp_Sch_time,"Thursday Event #1 Minute",,"Vission20_20_Compressor_3_Cmp_Sch_time[50]"
COMMENT,,Vission20_20_Compressor_3_Cmp_Sch_time,"Thursday Event #2 Control$NMode",,"Vission20_20_Compressor_3_Cmp_Sch_time[51]"
COMMENT,,Vission20_20_Compressor_3_Cmp_Sch_time,"Thursday Event #2 Hour",,"Vission20_20_Compressor_3_Cmp_Sch_time[52]"
COMMENT,,Vission20_20_Compressor_3_Cmp_Sch_time,"Thursday Event #2 Minute",,"Vission20_20_Compressor_3_Cmp_Sch_time[53]"
COMMENT,,Vission20_20_Compressor_3_Cmp_Sch_time,"Thursday Event #3 Control$NMode",,"Vission20_20_Compressor_3_Cmp_Sch_time[54]"
COMMENT,,Vission20_20_Compressor_3_Cmp_Sch_time,"Thursday Event #3 Hour",,"Vission20_20_Compressor_3_Cmp_Sch_time[55]"
COMMENT,,Vission20_20_Compressor_3_Cmp_Sch_time,"Thursday Event #3 Minute",,"Vission20_20_Compressor_3_Cmp_Sch_time[56]"
COMMENT,,Vission20_20_Compressor_3_Cmp_Sch_time,"Thursday Event #4 Control$NMode",,"Vission20_20_Compressor_3_Cmp_Sch_time[57]"
COMMENT,,Vission20_20_Compressor_3_Cmp_Sch_time,"Thursday Event #4 Hour",,"Vission20_20_Compressor_3_Cmp_Sch_time[58]"
COMMENT,,Vission20_20_Compressor_3_Cmp_Sch_time,"Thursday Event #4 Minute",,"Vission20_20_Compressor_3_Cmp_Sch_time[59]"
COMMENT,,Vission20_20_Compressor_3_Cmp_Sch_time,"Friday Event #1 Control$NMode",,"Vission20_20_Compressor_3_Cmp_Sch_time[60]"
COMMENT,,Vission20_20_Compressor_3_Cmp_Sch_time,"Friday Event #1 Hour",,"Vission20_20_Compressor_3_Cmp_Sch_time[61]"
COMMENT,,Vission20_20_Compressor_3_Cmp_Sch_time,"Friday Event #1 Minute",,"Vission20_20_Compressor_3_Cmp_Sch_time[62]"
COMMENT,,Vission20_20_Compressor_3_Cmp_Sch_time,"Friday Event #2 Control$NMode",,"Vission20_20_Compressor_3_Cmp_Sch_time[63]"
COMMENT,,Vission20_20_Compressor_3_Cmp_Sch_time,"Friday Event #2 Hour",,"Vission20_20_Compressor_3_Cmp_Sch_time[64]"
COMMENT,,Vission20_20_Compressor_3_Cmp_Sch_time,"Friday Event #2 Minute",,"Vission20_20_Compressor_3_Cmp_Sch_time[65]"
COMMENT,,Vission20_20_Compressor_3_Cmp_Sch_time,"Friday Event #3 Control$NMode",,"Vission20_20_Compressor_3_Cmp_Sch_time[66]"
COMMENT,,Vission20_20_Compressor_3_Cmp_Sch_time,"Friday Event #3 Hour",,"Vission20_20_Compressor_3_Cmp_Sch_time[67]"
COMMENT,,Vission20_20_Compressor_3_Cmp_Sch_time,"Friday Event #3 Minute",,"Vission20_20_Compressor_3_Cmp_Sch_time[68]"
COMMENT,,Vission20_20_Compressor_3_Cmp_Sch_time,"Friday Event #4 Control$NMode",,"Vission20_20_Compressor_3_Cmp_Sch_time[69]"
COMMENT,,Vission20_20_Compressor_3_Cmp_Sch_time,"Friday Event #4 Hour",,"Vission20_20_Compressor_3_Cmp_Sch_time[70]"
COMMENT,,Vission20_20_Compressor_3_Cmp_Sch_time,"Friday Event #4 Minute",,"Vission20_20_Compressor_3_Cmp_Sch_time[71]"
COMMENT,,Vission20_20_Compressor_3_Cmp_Sch_time,"Saturday Event #1 Control$NMode",,"Vission20_20_Compressor_3_Cmp_Sch_time[72]"
COMMENT,,Vission20_20_Compressor_3_Cmp_Sch_time,"Saturday Event #1 Hour",,"Vission20_20_Compressor_3_Cmp_Sch_time[73]"
COMMENT,,Vission20_20_Compressor_3_Cmp_Sch_time,"Saturday Event #1 Minute",,"Vission20_20_Compressor_3_Cmp_Sch_time[74]"
COMMENT,,Vission20_20_Compressor_3_Cmp_Sch_time,"Saturday Event #2 Control$NMode",,"Vission20_20_Compressor_3_Cmp_Sch_time[75]"
COMMENT,,Vission20_20_Compressor_3_Cmp_Sch_time,"Saturday Event #2 Hour",,"Vission20_20_Compressor_3_Cmp_Sch_time[76]"
COMMENT,,Vission20_20_Compressor_3_Cmp_Sch_time,"Saturday Event #2 Minute",,"Vission20_20_Compressor_3_Cmp_Sch_time[77]"
COMMENT,,Vission20_20_Compressor_3_Cmp_Sch_time,"Saturday Event #3 Control$NMode",,"Vission20_20_Compressor_3_Cmp_Sch_time[78]"
COMMENT,,Vission20_20_Compressor_3_Cmp_Sch_time,"Saturday Event #3 Hour",,"Vission20_20_Compressor_3_Cmp_Sch_time[79]"
COMMENT,,Vission20_20_Compressor_3_Cmp_Sch_time,"Saturday Event #3 Minute",,"Vission20_20_Compressor_3_Cmp_Sch_time[80]"
COMMENT,,Vission20_20_Compressor_3_Cmp_Sch_time,"Saturday Event #4 Control$NMode",,"Vission20_20_Compressor_3_Cmp_Sch_time[81]"
COMMENT,,Vission20_20_Compressor_3_Cmp_Sch_time,"Saturday Event #4 Hour",,"Vission20_20_Compressor_3_Cmp_Sch_time[82]"
COMMENT,,Vission20_20_Compressor_3_Cmp_Sch_time,"Saturday Event #4 Minute",,"Vission20_20_Compressor_3_Cmp_Sch_time[83]"
COMMENT,,Vission20_20_Compressor_3_Cmp_Sch_time,"Comp Schedule Enable/$NDisable",,"Vission20_20_Compressor_3_Cmp_Sch_time[84]"
TAG,,Vission20_20_Compressor_3_Cmp_Seq,"Vission 20_20$NCompressor 2 $NCompressor Sequencing","DINT[11]","","(RADIX := Decimal, Constant := false, ExternalAccess := Read/Write)"
COMMENT,,Vission20_20_Compressor_3_Cmp_Seq,"Control Setpoint (Pressure,$NTemp)",,"Vission20_20_Compressor_3_Cmp_Seq[0]"
COMMENT,,Vission20_20_Compressor_3_Cmp_Seq,"Load Rate 1 offset (Pressure,$NTemp)",,"Vission20_20_Compressor_3_Cmp_Seq[1]"
COMMENT,,Vission20_20_Compressor_3_Cmp_Seq,"Load Rate 2 offset (Pressure,$NTemp)",,"Vission20_20_Compressor_3_Cmp_Seq[2]"
COMMENT,,Vission20_20_Compressor_3_Cmp_Seq,"Unload Rate 1 offset$N(Pressure, Temp)",,"Vission20_20_Compressor_3_Cmp_Seq[3]"
COMMENT,,Vission20_20_Compressor_3_Cmp_Seq,"Unload Rate 2 offset$N(Pressure, Temp)",,"Vission20_20_Compressor_3_Cmp_Seq[4]"
COMMENT,,Vission20_20_Compressor_3_Cmp_Seq,"Load Rate 1 Timer (Pressure,$NTemp) (seconds)",,"Vission20_20_Compressor_3_Cmp_Seq[5]"
COMMENT,,Vission20_20_Compressor_3_Cmp_Seq,"Load Rate 2 Timer (Pressure,$NTemp) (seconds)",,"Vission20_20_Compressor_3_Cmp_Seq[6]"
COMMENT,,Vission20_20_Compressor_3_Cmp_Seq,"Unload Rate 1 Timer$N(Pressure, Temp) (seconds)",,"Vission20_20_Compressor_3_Cmp_Seq[7]"
COMMENT,,Vission20_20_Compressor_3_Cmp_Seq,"Unload Rate 2 Timer$N(Pressure, Temp) (seconds)",,"Vission20_20_Compressor_3_Cmp_Seq[8]"
COMMENT,,Vission20_20_Compressor_3_Cmp_Seq,"Machine Start Time$N(seconds)",,"Vission20_20_Compressor_3_Cmp_Seq[9]"
COMMENT,,Vission20_20_Compressor_3_Cmp_Seq,"Machine Stop Time$N(seconds)",,"Vission20_20_Compressor_3_Cmp_Seq[10]"
TAG,,Vission20_20_Compressor_3_Commands,"Vission 20_20$NCompressor 2 $NCommands","DINT[14]","","(RADIX := Decimal, Constant := false, ExternalAccess := Read/Write)"
COMMENT,,Vission20_20_Compressor_3_Commands,"Alarm Reset$N1 = Perform$NReset",,"Vission20_20_Compressor_3_Commands[0]"
COMMENT,,Vission20_20_Compressor_3_Commands,"Active Remote Control$N$Q0 = None$N(Local)$N1 = Direct I/O$N2 = Serial$N3 = Ethernet$Q",,"Vission20_20_Compressor_3_Commands[1]"
COMMENT,,Vission20_20_Compressor_3_Commands,"Remote Capacity Control$NSelect$N$Q0 = Auto$NCapacity$NControl$N1 = Pulse Load /$NUnload$N2 = Hold$NCapacity %$Q",,"Vission20_20_Compressor_3_Commands[2]"
COMMENT,,Vission20_20_Compressor_3_Commands,"Auto Capacity Control Type$N$Q0 = Suction$NPressure (if$Nenabled)$N1 = Process$NTemperature (if$Nenabled)$N2 = Discharge$NPressure (if$Nenabled)$Q",,"Vission20_20_Compressor_3_Commands[3]"
COMMENT,,Vission20_20_Compressor_3_Commands,"Remote Pulse Load$N$Q0 = Stop Pulse$N10 = 1 Second$NPulse$N15 = 1.5 Second$NPulse$N20 = 2 Second$NPulse$N$2026$N145 = 14.5$NSecond Pulse$N150 = 15$NSecond Pulse$Q",,"Vission20_20_Compressor_3_Commands[4]"
COMMENT,,Vission20_20_Compressor_3_Commands,"Remote Pulse Unload$N$Q0 = Stop Pulse$N10 = 1 Second$NPulse$N15 = 1.5 Second$NPulse$N20 = 2 Second$NPulse$N...$N145 = 14.5$NSecond Pulse$N150 = 15$NSecond Pulse$Q",,"Vission20_20_Compressor_3_Commands[5]"
COMMENT,,Vission20_20_Compressor_3_Commands,"Capacity Hold %$N0 $2013 100",,"Vission20_20_Compressor_3_Commands[6]"
COMMENT,,Vission20_20_Compressor_3_Commands,"Active Setpoint$N$Q1 = Setpoint 1$N2 = Setpoint 2$N(if enabled)$Q",,"Vission20_20_Compressor_3_Commands[7]"
COMMENT,,Vission20_20_Compressor_3_Commands,"Start Command$N1 = Start",,"Vission20_20_Compressor_3_Commands[8]"
COMMENT,,Vission20_20_Compressor_3_Commands,"Stop Command$N1 = Stop",,"Vission20_20_Compressor_3_Commands[9]"
COMMENT,,Vission20_20_Compressor_3_Commands,"Auto-Cycle Enable/ Disable$N0 = Disable, 1 =$NEnable",,"Vission20_20_Compressor_3_Commands[10]"
COMMENT,,Vission20_20_Compressor_3_Commands,"Pumpdown Enable/Disable$N0 = Disable, 1 =$NEnable",,"Vission20_20_Compressor_3_Commands[11]"
COMMENT,,Vission20_20_Compressor_3_Commands,"Pulldown Enable/Disable$N0 = Disable, 1 =$NEnable",,"Vission20_20_Compressor_3_Commands[12]"
COMMENT,,Vission20_20_Compressor_3_Commands,"Force to local control$N1 = To local",,"Vission20_20_Compressor_3_Commands[13]"
TAG,,Vission20_20_Compressor_3_Cond_Cntrol,"Vission 20_20$NCompressor 2 $NCondenser Control","DINT[55]","","(RADIX := Decimal, Constant := false, ExternalAccess := Read/Write)"
COMMENT,,Vission20_20_Compressor_3_Cond_Cntrol,"Run Mode$N$Q0 = Run Never$N1 = Run With$NComp$N2 = Run Always$N3 = Manual$Q",,"Vission20_20_Compressor_3_Cond_Cntrol[0]"
COMMENT,,Vission20_20_Compressor_3_Cond_Cntrol,"Profi le$N$Q0 = Summer$N1 = Winter$Q",,"Vission20_20_Compressor_3_Cond_Cntrol[1]"
COMMENT,,Vission20_20_Compressor_3_Cond_Cntrol,"High to Low Speed Fan Delay$N(seconds)",,"Vission20_20_Compressor_3_Cond_Cntrol[2]"
COMMENT,,Vission20_20_Compressor_3_Cond_Cntrol,"Condenser Setpoint",,"Vission20_20_Compressor_3_Cond_Cntrol[3]"
COMMENT,,Vission20_20_Compressor_3_Cond_Cntrol,"Upper Deadband",,"Vission20_20_Compressor_3_Cond_Cntrol[4]"
COMMENT,,Vission20_20_Compressor_3_Cond_Cntrol,"Lower Deadband",,"Vission20_20_Compressor_3_Cond_Cntrol[5]"
COMMENT,,Vission20_20_Compressor_3_Cond_Cntrol,"Wetbulb Offset",,"Vission20_20_Compressor_3_Cond_Cntrol[6]"
COMMENT,,Vission20_20_Compressor_3_Cond_Cntrol,"Switch Temp",,"Vission20_20_Compressor_3_Cond_Cntrol[7]"
COMMENT,,Vission20_20_Compressor_3_Cond_Cntrol,"Summer/Winter Auto Switch$NEnabled$N0 = Disabled, 1$N= Enabled",,"Vission20_20_Compressor_3_Cond_Cntrol[8]"
COMMENT,,Vission20_20_Compressor_3_Cond_Cntrol,"Wetbulb Override Enabled$N0 = Disabled, 1$N= Enabled",,"Vission20_20_Compressor_3_Cond_Cntrol[9]"
COMMENT,,Vission20_20_Compressor_3_Cond_Cntrol,"Step #1 Enabled (Summer,$NWinter)$N0 = Disabled, 1$N= Enabled",,"Vission20_20_Compressor_3_Cond_Cntrol[10]"
COMMENT,,Vission20_20_Compressor_3_Cond_Cntrol,"Step #2 Enabled (Summer,$NWinter)$N0 = Disabled, 1$N= Enabled",,"Vission20_20_Compressor_3_Cond_Cntrol[11]"
COMMENT,,Vission20_20_Compressor_3_Cond_Cntrol,"Step #3 Enabled (Summer,$NWinter)$N0 = Disabled, 1$N= Enabled",,"Vission20_20_Compressor_3_Cond_Cntrol[12]"
COMMENT,,Vission20_20_Compressor_3_Cond_Cntrol,"Step #4 Enabled (Summer,$NWinter)$N0 = Disabled, 1$N= Enabled",,"Vission20_20_Compressor_3_Cond_Cntrol[13]"
COMMENT,,Vission20_20_Compressor_3_Cond_Cntrol,"Step #5 Enabled (Summer,$NWinter)$N0 = Disabled, 1$N= Enabled",,"Vission20_20_Compressor_3_Cond_Cntrol[14]"
COMMENT,,Vission20_20_Compressor_3_Cond_Cntrol,"Step #1 Out#1 Enabled$N(Summer, Winter)$N0 = Disabled, 1$N= Enabled",,"Vission20_20_Compressor_3_Cond_Cntrol[15]"
COMMENT,,Vission20_20_Compressor_3_Cond_Cntrol,"Step #2 Out#1 Enabled$N(Summer, Winter)$N0 = Disabled, 1$N= Enabled",,"Vission20_20_Compressor_3_Cond_Cntrol[16]"
COMMENT,,Vission20_20_Compressor_3_Cond_Cntrol,"Step #3 Out#1 Enabled (Summer, Winter) 0 = Disabled, 1 = Enabled",,"Vission20_20_Compressor_3_Cond_Cntrol[17]"
COMMENT,,Vission20_20_Compressor_3_Cond_Cntrol,"Step #4 Out#1 Enabled (Summer, Winter) 0 = Disabled, 1 = Enabled",,"Vission20_20_Compressor_3_Cond_Cntrol[18]"
COMMENT,,Vission20_20_Compressor_3_Cond_Cntrol,"Step #5 Out#1 Enabled$N(Summer, Winter)$N0 = Disabled, 1$N= Enabled",,"Vission20_20_Compressor_3_Cond_Cntrol[19]"
COMMENT,,Vission20_20_Compressor_3_Cond_Cntrol,"Step #1 Out#2 Enabled$N(Summer, Winter)$N0 = Disabled, 1$N= Enabled",,"Vission20_20_Compressor_3_Cond_Cntrol[20]"
COMMENT,,Vission20_20_Compressor_3_Cond_Cntrol,"Step #2 Out#2 Enabled (Summer, Winter) 0 = Disabled, 1 = Enabled",,"Vission20_20_Compressor_3_Cond_Cntrol[21]"
COMMENT,,Vission20_20_Compressor_3_Cond_Cntrol,"Step #3 Out#2 Enabled (Summer, Winter) 0 = Disabled, 1 = Enabled",,"Vission20_20_Compressor_3_Cond_Cntrol[22]"
COMMENT,,Vission20_20_Compressor_3_Cond_Cntrol,"Step #4 Out#2 Enabled (Summer, Winter) 0 = Disabled, 1 = Enabled",,"Vission20_20_Compressor_3_Cond_Cntrol[23]"
COMMENT,,Vission20_20_Compressor_3_Cond_Cntrol,"Step #5 Out#2 Enabled (Summer, Winter) 0 = Disabled, 1 = Enabled",,"Vission20_20_Compressor_3_Cond_Cntrol[24]"
COMMENT,,Vission20_20_Compressor_3_Cond_Cntrol,"Step #1 Out#3 Enabled$N(Summer, Winter)$N0 = Disabled, 1$N= Enabled",,"Vission20_20_Compressor_3_Cond_Cntrol[25]"
COMMENT,,Vission20_20_Compressor_3_Cond_Cntrol,"Step #2 Out#3 Enabled (Summer, Winter) 0 = Disabled, 1 = Enabled",,"Vission20_20_Compressor_3_Cond_Cntrol[26]"
COMMENT,,Vission20_20_Compressor_3_Cond_Cntrol,"Step #3 Out#3 Enabled$N(Summer, Winter)$N0 = Disabled, 1$N= Enabled",,"Vission20_20_Compressor_3_Cond_Cntrol[27]"
COMMENT,,Vission20_20_Compressor_3_Cond_Cntrol,"Step #4 Out#3 Enabled (Summer, Winter) 0 = Disabled, 1 = Enabled",,"Vission20_20_Compressor_3_Cond_Cntrol[28]"
COMMENT,,Vission20_20_Compressor_3_Cond_Cntrol,"Step #5 Out#3 Enabled (Summer, Winter) 0 = Disabled, 1 = Enabled",,"Vission20_20_Compressor_3_Cond_Cntrol[29]"
COMMENT,,Vission20_20_Compressor_3_Cond_Cntrol,"Step #1 Out#4 Enabled$N(Summer, Winter)$N0 = Disabled, 1$N= Enabled",,"Vission20_20_Compressor_3_Cond_Cntrol[30]"
COMMENT,,Vission20_20_Compressor_3_Cond_Cntrol,"Step #2 Out#4 Enabled (Summer, Winter) 0 = Disabled, 1 = Enabled",,"Vission20_20_Compressor_3_Cond_Cntrol[31]"
COMMENT,,Vission20_20_Compressor_3_Cond_Cntrol,"Step #3 Out#4 Enabled$N(Summer, Winter)$N0 = Disabled, 1$N= Enabled",,"Vission20_20_Compressor_3_Cond_Cntrol[32]"
COMMENT,,Vission20_20_Compressor_3_Cond_Cntrol,"Step #4 Out#4 Enabled (Summer, Winter) 0 = Disabled, 1 = Enabled",,"Vission20_20_Compressor_3_Cond_Cntrol[33]"
COMMENT,,Vission20_20_Compressor_3_Cond_Cntrol,"Step #5 Out#4 Enabled (Summer, Winter) 0 = Disabled, 1 = Enabled",,"Vission20_20_Compressor_3_Cond_Cntrol[34]"
COMMENT,,Vission20_20_Compressor_3_Cond_Cntrol,"Step #1 VFD Enabled$N(Summer, Winter)$N0 = Disabled, 1$N= Enabled",,"Vission20_20_Compressor_3_Cond_Cntrol[35]"
COMMENT,,Vission20_20_Compressor_3_Cond_Cntrol,"Step #2 VFD Enabled (Summer, Winter) 0 = Disabled, 1 = Enabled",,"Vission20_20_Compressor_3_Cond_Cntrol[36]"
COMMENT,,Vission20_20_Compressor_3_Cond_Cntrol,"Step #3 VFD Enabled (Summer, Winter) 0 = Disabled, 1 = Enabled",,"Vission20_20_Compressor_3_Cond_Cntrol[37]"
COMMENT,,Vission20_20_Compressor_3_Cond_Cntrol,"Step #4 VFD Enabled (Summer, Winter) 0 = Disabled, 1 = Enabled",,"Vission20_20_Compressor_3_Cond_Cntrol[38]"
COMMENT,,Vission20_20_Compressor_3_Cond_Cntrol,"Step #5 VFD Enabled$N(Summer, Winter)$N0 = Disabled, 1$N= Enabled",,"Vission20_20_Compressor_3_Cond_Cntrol[39]"
COMMENT,,Vission20_20_Compressor_3_Cond_Cntrol,"Step#1 Step Delay (Summer,$NWinter) (seconds)",,"Vission20_20_Compressor_3_Cond_Cntrol[40]"
COMMENT,,Vission20_20_Compressor_3_Cond_Cntrol,"Step#2 Step Delay (Summer, Winter) (seconds)",,"Vission20_20_Compressor_3_Cond_Cntrol[41]"
COMMENT,,Vission20_20_Compressor_3_Cond_Cntrol,"Step#3 Step Delay (Summer, Winter) (seconds)",,"Vission20_20_Compressor_3_Cond_Cntrol[42]"
COMMENT,,Vission20_20_Compressor_3_Cond_Cntrol,"Step#4 Step Delay (Summer, Winter) (seconds)",,"Vission20_20_Compressor_3_Cond_Cntrol[43]"
COMMENT,,Vission20_20_Compressor_3_Cond_Cntrol,"Step#5 Step Delay (Summer, Winter) (seconds)",,"Vission20_20_Compressor_3_Cond_Cntrol[44]"
COMMENT,,Vission20_20_Compressor_3_Cond_Cntrol,"Step #1 Low Speed Fan$N(Summer, Winter)$N$Q0 = None$N1 = Out # 1$N2 = Out # 2$N3 = Out # 3$N4 = Out # 4$Q",,"Vission20_20_Compressor_3_Cond_Cntrol[45]"
COMMENT,,Vission20_20_Compressor_3_Cond_Cntrol,"Step #2 Low Speed Fan (Summer, Winter) $Q0 = None 1 = Out # 1 2 = Out # 2 3 = Out # 3 4 = Out # 4$Q",,"Vission20_20_Compressor_3_Cond_Cntrol[46]"
COMMENT,,Vission20_20_Compressor_3_Cond_Cntrol,"Step #3 Low Speed Fan (Summer, Winter) $Q0 = None 1 = Out # 1 2 = Out # 2 3 = Out # 3 4 = Out # 4$Q",,"Vission20_20_Compressor_3_Cond_Cntrol[47]"
COMMENT,,Vission20_20_Compressor_3_Cond_Cntrol,"Step #4 Low Speed Fan (Summer, Winter) $Q0 = None 1 = Out # 1 2 = Out # 2 3 = Out # 3 4 = Out # 4$Q",,"Vission20_20_Compressor_3_Cond_Cntrol[48]"
COMMENT,,Vission20_20_Compressor_3_Cond_Cntrol,"Step #5 Low Speed Fan (Summer, Winter) $Q0 = None 1 = Out # 1 2 = Out # 2 3 = Out # 3 4 = Out # 4$Q",,"Vission20_20_Compressor_3_Cond_Cntrol[49]"
COMMENT,,Vission20_20_Compressor_3_Cond_Cntrol,"Condenser VFD Gain (P)",,"Vission20_20_Compressor_3_Cond_Cntrol[50]"
COMMENT,,Vission20_20_Compressor_3_Cond_Cntrol,"Condenser VFD Reset (I)",,"Vission20_20_Compressor_3_Cond_Cntrol[51]"
COMMENT,,Vission20_20_Compressor_3_Cond_Cntrol,"Condenser VFD Rate (D)",,"Vission20_20_Compressor_3_Cond_Cntrol[52]"
COMMENT,,Vission20_20_Compressor_3_Cond_Cntrol,"Condenser VFD Minimum$NSpeed (%)",,"Vission20_20_Compressor_3_Cond_Cntrol[53]"
COMMENT,,Vission20_20_Compressor_3_Cond_Cntrol,"Condenser VFD Maximum$NSpeed (%)",,"Vission20_20_Compressor_3_Cond_Cntrol[54]"
TAG,,Vission20_20_Compressor_3_Config_Other,"Vission 20_20$NCompressor 2 $NConfiguration (Other)","DINT[22]","","(RADIX := Decimal, Constant := false, ExternalAccess := Read/Write)"
COMMENT,,Vission20_20_Compressor_3_Config_Other,"Anti-Recycle$N$Q0 = True Anti-$NRecycle$N1 =$NAccumulative$NAnti-Recycle$N2 = Hot Starts$Q",,"Vission20_20_Compressor_3_Config_Other[0]"
COMMENT,,Vission20_20_Compressor_3_Config_Other,"Restart On Power Fail$N$Q0 = Always$N1 = Never$N2 = Timed$N3 = Remote$NLock Off$N4 = Boot in$NRemote (Direct$NI/O)$Q",,"Vission20_20_Compressor_3_Config_Other[1]"
COMMENT,,Vission20_20_Compressor_3_Config_Other,"Suction Press. Control$NAvailable$N0 = No, 1 = Yes",,"Vission20_20_Compressor_3_Config_Other[2]"
COMMENT,,Vission20_20_Compressor_3_Config_Other,"Suction Press. Control # of$NSetpoints",,"Vission20_20_Compressor_3_Config_Other[3]"
COMMENT,,Vission20_20_Compressor_3_Config_Other,"Process Temp. Control$NAvailable$N0 = No, 1 = Yes",,"Vission20_20_Compressor_3_Config_Other[4]"
COMMENT,,Vission20_20_Compressor_3_Config_Other,"Process Temp. Control # of$NSetpoints",,"Vission20_20_Compressor_3_Config_Other[5]"
COMMENT,,Vission20_20_Compressor_3_Config_Other,"% Slide Volume Position$N0 = No, 1 = Yes",,"Vission20_20_Compressor_3_Config_Other[6]"
COMMENT,,Vission20_20_Compressor_3_Config_Other,"Economizer Pressure$N0 = No, 1 = Yes",,"Vission20_20_Compressor_3_Config_Other[7]"
COMMENT,,Vission20_20_Compressor_3_Config_Other,"Compressor VFD$N0 = No, 1 = Yes",,"Vission20_20_Compressor_3_Config_Other[8]"
COMMENT,,Vission20_20_Compressor_3_Config_Other,"Compressor Sequencing$N0 = No, 1 = Yes",,"Vission20_20_Compressor_3_Config_Other[9]"
COMMENT,,Vission20_20_Compressor_3_Config_Other,"Superheat Monitor$N0 = No, 1 = Yes",,"Vission20_20_Compressor_3_Config_Other[10]"
COMMENT,,Vission20_20_Compressor_3_Config_Other,"Oil Pump Control Type$N$Q0 = No Pump$N1 = Cycling$N2 = Full Time$N3 = Cool$NCompression$Q",,"Vission20_20_Compressor_3_Config_Other[11]"
COMMENT,,Vission20_20_Compressor_3_Config_Other,"# Oil Pumps",,"Vission20_20_Compressor_3_Config_Other[12]"
COMMENT,,Vission20_20_Compressor_3_Config_Other,"Condenser Control",,"Vission20_20_Compressor_3_Config_Other[13]"
COMMENT,,Vission20_20_Compressor_3_Config_Other,"Ambient Sensor",,"Vission20_20_Compressor_3_Config_Other[14]"
COMMENT,,Vission20_20_Compressor_3_Config_Other,"Wetbulb Sensor",,"Vission20_20_Compressor_3_Config_Other[15]"
COMMENT,,Vission20_20_Compressor_3_Config_Other,"Condenser VFD",,"Vission20_20_Compressor_3_Config_Other[16]"
COMMENT,,Vission20_20_Compressor_3_Config_Other,"Oil Cooling Type$N$Q0 =$NThermosyphon$N1 = H2O Oil$NCooler$N2 = Liquid$NInjection$N3 = Cool$NCompression$Q",,"Vission20_20_Compressor_3_Config_Other[17]"
COMMENT,,Vission20_20_Compressor_3_Config_Other,"Liquid Injection Type$N$Q0 = Solenoids$N1 = Motorized$NValve$Q",,"Vission20_20_Compressor_3_Config_Other[18]"
COMMENT,,Vission20_20_Compressor_3_Config_Other,"# Liquid Injection Solenoids",,"Vission20_20_Compressor_3_Config_Other[19]"
COMMENT,,Vission20_20_Compressor_3_Config_Other,"Discharge Press. Control$NAvailable$N0 = No, 1 = Yes",,"Vission20_20_Compressor_3_Config_Other[20]"
COMMENT,,Vission20_20_Compressor_3_Config_Other,"Discharge Press. Control # of$NSetpoints",,"Vission20_20_Compressor_3_Config_Other[21]"
TAG,,Vission20_20_Compressor_3_Config_Time,"Vission 20_20$NCompressor 2 $NConfiguration (Time)","DINT[6]","","(RADIX := Decimal, Constant := false, ExternalAccess := Read/Write)"
COMMENT,,Vission20_20_Compressor_3_Config_Time,"Time $2013 Hours (HH)",,"Vission20_20_Compressor_3_Config_Time[0]"
COMMENT,,Vission20_20_Compressor_3_Config_Time,"Time $2013 Min (MM)",,"Vission20_20_Compressor_3_Config_Time[1]"
COMMENT,,Vission20_20_Compressor_3_Config_Time,"Time $2013 Secs (SS)",,"Vission20_20_Compressor_3_Config_Time[2]"
COMMENT,,Vission20_20_Compressor_3_Config_Time,"Date $2013 Year (YYYY)",,"Vission20_20_Compressor_3_Config_Time[3]"
COMMENT,,Vission20_20_Compressor_3_Config_Time,"Date $2013 Month (1-12)",,"Vission20_20_Compressor_3_Config_Time[4]"
COMMENT,,Vission20_20_Compressor_3_Config_Time,"Date $2013 Day (1-31)",,"Vission20_20_Compressor_3_Config_Time[5]"
TAG,,Vission20_20_Compressor_3_Cool_CMP,"Vission 20_20$NCompressor 2 $NCool Compression","DINT[15]","","(RADIX := Decimal, Constant := false, ExternalAccess := Read/Write)"
COMMENT,,Vission20_20_Compressor_3_Cool_CMP,"Auto Load Enabled",,"Vission20_20_Compressor_3_Cool_CMP[0]"
COMMENT,,Vission20_20_Compressor_3_Cool_CMP,"Auto Load @ Start",,"Vission20_20_Compressor_3_Cool_CMP[1]"
COMMENT,,Vission20_20_Compressor_3_Cool_CMP,"Auto Load Timer (mins)",,"Vission20_20_Compressor_3_Cool_CMP[2]"
COMMENT,,Vission20_20_Compressor_3_Cool_CMP,"SOI Solenoid ON",,"Vission20_20_Compressor_3_Cool_CMP[3]"
COMMENT,,Vission20_20_Compressor_3_Cool_CMP,"SOI Solenoid OFF",,"Vission20_20_Compressor_3_Cool_CMP[4]"
COMMENT,,Vission20_20_Compressor_3_Cool_CMP,"SOI Load Limit",,"Vission20_20_Compressor_3_Cool_CMP[5]"
COMMENT,,Vission20_20_Compressor_3_Cool_CMP,"High Press Ratio Solenoid$NON",,"Vission20_20_Compressor_3_Cool_CMP[6]"
COMMENT,,Vission20_20_Compressor_3_Cool_CMP,"High Press Ratio Solenoid$NOFF",,"Vission20_20_Compressor_3_Cool_CMP[7]"
COMMENT,,Vission20_20_Compressor_3_Cool_CMP,"Start SP",,"Vission20_20_Compressor_3_Cool_CMP[8]"
COMMENT,,Vission20_20_Compressor_3_Cool_CMP,"Linear SP",,"Vission20_20_Compressor_3_Cool_CMP[9]"
COMMENT,,Vission20_20_Compressor_3_Cool_CMP,"Upper SP",,"Vission20_20_Compressor_3_Cool_CMP[10]"
COMMENT,,Vission20_20_Compressor_3_Cool_CMP,"Max SP",,"Vission20_20_Compressor_3_Cool_CMP[11]"
COMMENT,,Vission20_20_Compressor_3_Cool_CMP,"Start Level",,"Vission20_20_Compressor_3_Cool_CMP[12]"
COMMENT,,Vission20_20_Compressor_3_Cool_CMP,"Leakage",,"Vission20_20_Compressor_3_Cool_CMP[13]"
COMMENT,,Vission20_20_Compressor_3_Cool_CMP,"Overfi ll Leakage",,"Vission20_20_Compressor_3_Cool_CMP[14]"
TAG,,Vission20_20_Compressor_3_CV,"Vission 20_20$NCompressor 2 $NCalculated Values","DINT[10]","","(RADIX := Decimal, Constant := false, ExternalAccess := Read/Write)"
COMMENT,,Vission20_20_Compressor_3_CV,"Filter Differential Pressure",,"Vission20_20_Compressor_3_CV[0]"
COMMENT,,Vission20_20_Compressor_3_CV,"Start Oil Pressure",,"Vission20_20_Compressor_3_CV[1]"
COMMENT,,Vission20_20_Compressor_3_CV,"Run Oil Pressure",,"Vission20_20_Compressor_3_CV[2]"
COMMENT,,Vission20_20_Compressor_3_CV,"Pressure Ratio",,"Vission20_20_Compressor_3_CV[3]"
COMMENT,,Vission20_20_Compressor_3_CV,"Volume Ratio",,"Vission20_20_Compressor_3_CV[4]"
COMMENT,,Vission20_20_Compressor_3_CV,"Superheat Discharge Temp.",,"Vission20_20_Compressor_3_CV[5]"
COMMENT,,Vission20_20_Compressor_3_CV,"Superheat Suction Temp.",,"Vission20_20_Compressor_3_CV[6]"
COMMENT,,Vission20_20_Compressor_3_CV,"Superheat Oil Sep. Temp.",,"Vission20_20_Compressor_3_CV[7]"
COMMENT,,Vission20_20_Compressor_3_CV,"Compressor VFD RPM",,"Vission20_20_Compressor_3_CV[8]"
COMMENT,,Vission20_20_Compressor_3_CV,"Compressor Run Capacity %",,"Vission20_20_Compressor_3_CV[9]"
TAG,,Vission20_20_Compressor_3_DI,"Vission 20_20 Compressor 2  Digital Input","DINT[16]","","(RADIX := Decimal, Constant := false, ExternalAccess := Read/Write)"
COMMENT,,Vission20_20_Compressor_3_DI,"Compressor Interlock",,"Vission20_20_Compressor_3_DI[0]"
COMMENT,,Vission20_20_Compressor_3_DI,"High Level Shutdown",,"Vission20_20_Compressor_3_DI[1]"
COMMENT,,Vission20_20_Compressor_3_DI,"Oil Level Switch #1",,"Vission20_20_Compressor_3_DI[2]"
COMMENT,,Vission20_20_Compressor_3_DI,"Oil Level Switch #2",,"Vission20_20_Compressor_3_DI[3]"
COMMENT,,Vission20_20_Compressor_3_DI,"Local / Remote",,"Vission20_20_Compressor_3_DI[4]"
COMMENT,,Vission20_20_Compressor_3_DI,"Remote Start",,"Vission20_20_Compressor_3_DI[5]"
COMMENT,,Vission20_20_Compressor_3_DI,"Remote Increase",,"Vission20_20_Compressor_3_DI[6]"
COMMENT,,Vission20_20_Compressor_3_DI,"Remote Decrease",,"Vission20_20_Compressor_3_DI[7]"
COMMENT,,Vission20_20_Compressor_3_DI,"Auxiliary 1",,"Vission20_20_Compressor_3_DI[8]"
COMMENT,,Vission20_20_Compressor_3_DI,"Auxiliary 2",,"Vission20_20_Compressor_3_DI[9]"
COMMENT,,Vission20_20_Compressor_3_DI,"Auxiliary 3",,"Vission20_20_Compressor_3_DI[10]"
COMMENT,,Vission20_20_Compressor_3_DI,"Auxiliary 4",,"Vission20_20_Compressor_3_DI[11]"
COMMENT,,Vission20_20_Compressor_3_DI,"Auxiliary 5",,"Vission20_20_Compressor_3_DI[12]"
COMMENT,,Vission20_20_Compressor_3_DI,"Auxiliary 6",,"Vission20_20_Compressor_3_DI[13]"
COMMENT,,Vission20_20_Compressor_3_DI,"Auxiliary 7",,"Vission20_20_Compressor_3_DI[14]"
COMMENT,,Vission20_20_Compressor_3_DI,"Auxiliary 8",,"Vission20_20_Compressor_3_DI[15]"
TAG,,Vission20_20_Compressor_3_DO,"Vission 20_20$NCompressor 2 $NDigital Output","DINT[24]","","(RADIX := Decimal, Constant := false, ExternalAccess := Read/Write)"
COMMENT,,Vission20_20_Compressor_3_DO,"Compressor Start",,"Vission20_20_Compressor_3_DO[0]"
COMMENT,,Vission20_20_Compressor_3_DO,"Oil Pump",,"Vission20_20_Compressor_3_DO[1]"
COMMENT,,Vission20_20_Compressor_3_DO,"Capacity Increase",,"Vission20_20_Compressor_3_DO[2]"
COMMENT,,Vission20_20_Compressor_3_DO,"Capacity Decrease",,"Vission20_20_Compressor_3_DO[3]"
COMMENT,,Vission20_20_Compressor_3_DO,"Volume Increase",,"Vission20_20_Compressor_3_DO[4]"
COMMENT,,Vission20_20_Compressor_3_DO,"Volume Decrease",,"Vission20_20_Compressor_3_DO[5]"
COMMENT,,Vission20_20_Compressor_3_DO,"Oil Separator Heater",,"Vission20_20_Compressor_3_DO[6]"
COMMENT,,Vission20_20_Compressor_3_DO,"Trip",,"Vission20_20_Compressor_3_DO[7]"
COMMENT,,Vission20_20_Compressor_3_DO,"Slide Valve Setpoint #1",,"Vission20_20_Compressor_3_DO[8]"
COMMENT,,Vission20_20_Compressor_3_DO,"Slide Valve Setpoint #2",,"Vission20_20_Compressor_3_DO[9]"
COMMENT,,Vission20_20_Compressor_3_DO,"Alarm",,"Vission20_20_Compressor_3_DO[10]"
COMMENT,,Vission20_20_Compressor_3_DO,"Spare",,"Vission20_20_Compressor_3_DO[11]"
COMMENT,,Vission20_20_Compressor_3_DO,"Liquid Injection Solenoid #1",,"Vission20_20_Compressor_3_DO[12]"
COMMENT,,Vission20_20_Compressor_3_DO,"Liquid Injection Solenoid #2",,"Vission20_20_Compressor_3_DO[13]"
COMMENT,,Vission20_20_Compressor_3_DO,"Remote Enabled",,"Vission20_20_Compressor_3_DO[14]"
COMMENT,,Vission20_20_Compressor_3_DO,"Emergency Output",,"Vission20_20_Compressor_3_DO[15]"
COMMENT,,Vission20_20_Compressor_3_DO,"Condenser Step #1",,"Vission20_20_Compressor_3_DO[16]"
COMMENT,,Vission20_20_Compressor_3_DO,"Condenser Step #2",,"Vission20_20_Compressor_3_DO[17]"
COMMENT,,Vission20_20_Compressor_3_DO,"Condenser Step #3",,"Vission20_20_Compressor_3_DO[18]"
COMMENT,,Vission20_20_Compressor_3_DO,"Condenser Step #4",,"Vission20_20_Compressor_3_DO[19]"
COMMENT,,Vission20_20_Compressor_3_DO,"Auxiliary Output #1",,"Vission20_20_Compressor_3_DO[20]"
COMMENT,,Vission20_20_Compressor_3_DO,"Auxiliary Output #2",,"Vission20_20_Compressor_3_DO[21]"
COMMENT,,Vission20_20_Compressor_3_DO,"Auxiliary Output #3",,"Vission20_20_Compressor_3_DO[22]"
COMMENT,,Vission20_20_Compressor_3_DO,"Auxiliary Output #4",,"Vission20_20_Compressor_3_DO[23]"
TAG,,Vission20_20_Compressor_3_Misc1,"Vission 20_20$NCompressor 2 $NMisc 1","DINT[25]","","(RADIX := Decimal, Constant := false, ExternalAccess := Read/Write)"
COMMENT,,Vission20_20_Compressor_3_Misc1,"High Motor Amps Stop Load$NSetpoint #1",,"Vission20_20_Compressor_3_Misc1[0]"
COMMENT,,Vission20_20_Compressor_3_Misc1,"High Motor Amps Force$NUnload Setpoint #1",,"Vission20_20_Compressor_3_Misc1[1]"
COMMENT,,Vission20_20_Compressor_3_Misc1,"High Disch Press Stop Load$NSetpoint #1",,"Vission20_20_Compressor_3_Misc1[2]"
COMMENT,,Vission20_20_Compressor_3_Misc1,"High Disch Press Force$NUnload Setpoint #1",,"Vission20_20_Compressor_3_Misc1[3]"
COMMENT,,Vission20_20_Compressor_3_Misc1,"Low Suct Press Stop Load$NSetpoint #1",,"Vission20_20_Compressor_3_Misc1[4]"
COMMENT,,Vission20_20_Compressor_3_Misc1,"Low Suct Press Force Unload$NSetpoint #1",,"Vission20_20_Compressor_3_Misc1[5]"
COMMENT,,Vission20_20_Compressor_3_Misc1,"High Motor Amps Stop Load$NSetpoint #2",,"Vission20_20_Compressor_3_Misc1[6]"
COMMENT,,Vission20_20_Compressor_3_Misc1,"High Motor Amps Force$NUnload Setpoint #2",,"Vission20_20_Compressor_3_Misc1[7]"
COMMENT,,Vission20_20_Compressor_3_Misc1,"High Disch Press Stop Load$NSetpoint #2",,"Vission20_20_Compressor_3_Misc1[8]"
COMMENT,,Vission20_20_Compressor_3_Misc1,"High Disch Press Force$NUnload Setpoint #2",,"Vission20_20_Compressor_3_Misc1[9]"
COMMENT,,Vission20_20_Compressor_3_Misc1,"Low Suct Press Stop Load$NSetpoint #2",,"Vission20_20_Compressor_3_Misc1[10]"
COMMENT,,Vission20_20_Compressor_3_Misc1,"Low Suct Press Force Unload$NSetpoint #2",,"Vission20_20_Compressor_3_Misc1[11]"
COMMENT,,Vission20_20_Compressor_3_Misc1,"Liquid Inj. Solenoid #1 Temp",,"Vission20_20_Compressor_3_Misc1[12]"
COMMENT,,Vission20_20_Compressor_3_Misc1,"Liquid Inj. Solenoid #2 Temp",,"Vission20_20_Compressor_3_Misc1[13]"
COMMENT,,Vission20_20_Compressor_3_Misc1,"Liquid Inj. Open %",,"Vission20_20_Compressor_3_Misc1[14]"
COMMENT,,Vission20_20_Compressor_3_Misc1,"Liquid Inj. Oil Sep. Temp.$NOverride",,"Vission20_20_Compressor_3_Misc1[15]"
COMMENT,,Vission20_20_Compressor_3_Misc1,"Liquid Inj. Motorized Valve$NGain (P)",,"Vission20_20_Compressor_3_Misc1[16]"
COMMENT,,Vission20_20_Compressor_3_Misc1,"Liquid Inj. Motorized Valve$NReset (I)",,"Vission20_20_Compressor_3_Misc1[17]"
COMMENT,,Vission20_20_Compressor_3_Misc1,"Liquid Inj. Motorized Valve$NRate (D)",,"Vission20_20_Compressor_3_Misc1[18]"
COMMENT,,Vission20_20_Compressor_3_Misc1,"Minimum Valve Open$NEnabled",,"Vission20_20_Compressor_3_Misc1[19]"
COMMENT,,Vission20_20_Compressor_3_Misc1,"Avg. With Oil Manifold$NTemperature",,"Vission20_20_Compressor_3_Misc1[20]"
COMMENT,,Vission20_20_Compressor_3_Misc1,"High Discharge Superheat$NStop Load Setpoint #1",,"Vission20_20_Compressor_3_Misc1[21]"
COMMENT,,Vission20_20_Compressor_3_Misc1,"High Discharge Superheat$NForce Unload Setpoint #1",,"Vission20_20_Compressor_3_Misc1[22]"
COMMENT,,Vission20_20_Compressor_3_Misc1,"High Discharge Superheat$NStop Load Setpoint #2",,"Vission20_20_Compressor_3_Misc1[23]"
COMMENT,,Vission20_20_Compressor_3_Misc1,"High Discharge Superheat$NForce Unload Setpoint #2",,"Vission20_20_Compressor_3_Misc1[24]"
TAG,,Vission20_20_Compressor_3_Misc2,"Vission 20_20$NCompressor 2 $NMisc 2","DINT[13]","","(RADIX := Decimal, Constant := false, ExternalAccess := Read/Write)"
COMMENT,,Vission20_20_Compressor_3_Misc2,"Slide Valve Setpoint #1",,"Vission20_20_Compressor_3_Misc2[0]"
COMMENT,,Vission20_20_Compressor_3_Misc2,"Slide Valve Setpoint #2",,"Vission20_20_Compressor_3_Misc2[1]"
COMMENT,,Vission20_20_Compressor_3_Misc2,"Slide Valve Setpoint #1$NEnabled",,"Vission20_20_Compressor_3_Misc2[2]"
COMMENT,,Vission20_20_Compressor_3_Misc2,"Slide Valve Setpoint #2$NEnabled",,"Vission20_20_Compressor_3_Misc2[3]"
COMMENT,,Vission20_20_Compressor_3_Misc2,"Oil Pump Press. Restart Ratio$N(ON)",,"Vission20_20_Compressor_3_Misc2[4]"
COMMENT,,Vission20_20_Compressor_3_Misc2,"Oil Pump Press. Restart Ratio$N(OFF)",,"Vission20_20_Compressor_3_Misc2[5]"
COMMENT,,Vission20_20_Compressor_3_Misc2,"Oil Sep. Heater Temp.",,"Vission20_20_Compressor_3_Misc2[6]"
COMMENT,,Vission20_20_Compressor_3_Misc2,"Volume Slide Adjustment %",,"Vission20_20_Compressor_3_Misc2[7]"
COMMENT,,Vission20_20_Compressor_3_Misc2,"Soft Load %",,"Vission20_20_Compressor_3_Misc2[8]"
COMMENT,,Vission20_20_Compressor_3_Misc2,"Capacity Range Min %",,"Vission20_20_Compressor_3_Misc2[9]"
COMMENT,,Vission20_20_Compressor_3_Misc2,"Capacity Range Max %",,"Vission20_20_Compressor_3_Misc2[10]"
COMMENT,,Vission20_20_Compressor_3_Misc2,"Rate Deadband",,"Vission20_20_Compressor_3_Misc2[11]"
COMMENT,,Vission20_20_Compressor_3_Misc2,"Enable Load Anticipating$NAlgorithm",,"Vission20_20_Compressor_3_Misc2[12]"
TAG,,Vission20_20_Compressor_3_Pmpdwn,"Vission 20_20$NCompressor 2 $NPumpDown","DINT[7]","","(RADIX := Decimal, Constant := false, ExternalAccess := Read/Write)"
COMMENT,,Vission20_20_Compressor_3_Pmpdwn,"Stop Pressure Setpoint #1",,"Vission20_20_Compressor_3_Pmpdwn[0]"
COMMENT,,Vission20_20_Compressor_3_Pmpdwn,"Stop Delay Time Setpoint #1$N(seconds)",,"Vission20_20_Compressor_3_Pmpdwn[1]"
COMMENT,,Vission20_20_Compressor_3_Pmpdwn,"Minimum Slide Position$NSetpoint #1",,"Vission20_20_Compressor_3_Pmpdwn[2]"
COMMENT,,Vission20_20_Compressor_3_Pmpdwn,"Stop Pressure Setpoint #2",,"Vission20_20_Compressor_3_Pmpdwn[3]"
COMMENT,,Vission20_20_Compressor_3_Pmpdwn,"Stop Delay Time Setpoint #2$N(seconds)",,"Vission20_20_Compressor_3_Pmpdwn[4]"
COMMENT,,Vission20_20_Compressor_3_Pmpdwn,"Minimum Slide Position$NSetpoint #2",,"Vission20_20_Compressor_3_Pmpdwn[5]"
COMMENT,,Vission20_20_Compressor_3_Pmpdwn,"Pumpdown Operation",,"Vission20_20_Compressor_3_Pmpdwn[6]"
TAG,,Vission20_20_Compressor_3_Pulldwn,"Vission 20_20$NCompressor 2 $NPull Down","DINT[5]","","(RADIX := Decimal, Constant := false, ExternalAccess := Read/Write)"
COMMENT,,Vission20_20_Compressor_3_Pulldwn,"Step Pressure",,"Vission20_20_Compressor_3_Pulldwn[0]"
COMMENT,,Vission20_20_Compressor_3_Pulldwn,"Delay Per Step (hours)",,"Vission20_20_Compressor_3_Pulldwn[1]"
COMMENT,,Vission20_20_Compressor_3_Pulldwn,"Stop Pressure",,"Vission20_20_Compressor_3_Pulldwn[2]"
COMMENT,,Vission20_20_Compressor_3_Pulldwn,"Auto Cycle Differential",,"Vission20_20_Compressor_3_Pulldwn[3]"
COMMENT,,Vission20_20_Compressor_3_Pulldwn,"Initiate Pulldown at Next$NStart",,"Vission20_20_Compressor_3_Pulldwn[4]"
TAG,,Vission20_20_Compressor_3_Statuses,"Vission 20_20$NCompressor 2 $NStatuses","DINT[19]","","(RADIX := Decimal, Constant := false, ExternalAccess := Read/Write)"
COMMENT,,Vission20_20_Compressor_3_Statuses,"Anti-Recycle Time (Minutes)",,"Vission20_20_Compressor_3_Statuses[0]"
COMMENT,,Vission20_20_Compressor_3_Statuses,"Compressor Status$N$Q0 = Stop$N1 = Stop$N(Remote Ready)$N2 = Running$N3 = Starting$N4 = Waiting$Q",,"Vission20_20_Compressor_3_Statuses[1]"
COMMENT,,Vission20_20_Compressor_3_Statuses,"Alarm Status Word #1",,"Vission20_20_Compressor_3_Statuses[2]"
COMMENT,,Vission20_20_Compressor_3_Statuses,"Alarm Status Word #2",,"Vission20_20_Compressor_3_Statuses[3]"
COMMENT,,Vission20_20_Compressor_3_Statuses,"Alarm Status Word #3",,"Vission20_20_Compressor_3_Statuses[4]"
COMMENT,,Vission20_20_Compressor_3_Statuses,"Alarm Status Word #4",,"Vission20_20_Compressor_3_Statuses[5]"
COMMENT,,Vission20_20_Compressor_3_Statuses,"Trip Status Word #1",,"Vission20_20_Compressor_3_Statuses[6]"
COMMENT,,Vission20_20_Compressor_3_Statuses,"Trip Status Word #2",,"Vission20_20_Compressor_3_Statuses[7]"
COMMENT,,Vission20_20_Compressor_3_Statuses,"Trip Status Word #3",,"Vission20_20_Compressor_3_Statuses[8]"
COMMENT,,Vission20_20_Compressor_3_Statuses,"Trip Status Word #4",,"Vission20_20_Compressor_3_Statuses[9]"
COMMENT,,Vission20_20_Compressor_3_Statuses,"Current Run Mode$N$Q0 = Idle$N1 = Waiting$N2 = Starting$N3 = Manual$N4 = Auto$N(Internal$NCapacity$NControl)$N5 = Remote$NAuto (Internal$NCapacity$NControl)$N6 = Remote$NLoad/Unload$N7 = Remote$NCapacity Hold %$N8 = Remote$NReady (Idle)$N9 = Direct I/O$NAuto Capacity$N10 = Direct$NI/O Manual$NCapacity$Q",,"Vission20_20_Compressor_3_Statuses[10]"
COMMENT,,Vission20_20_Compressor_3_Statuses,"Load Limiting Condition$N$QBit 0 = High$NMotor Amps$NBit 1 = High$NDischarge$NPressure$NBit 2 = Low$NSuction$NPressure$NBit 3 = High$NDischarge$NSuperheat$Q",,"Vission20_20_Compressor_3_Statuses[11]"
COMMENT,,Vission20_20_Compressor_3_Statuses,"Oil Pump Status$N0 = OFF, 1 = ON",,"Vission20_20_Compressor_3_Statuses[12]"
COMMENT,,Vission20_20_Compressor_3_Statuses,"Oil Pump Operation$N$Q0 = None$N1 = Cycling$N2 = Full Time$N3 = Cool$NCompression$Q",,"Vission20_20_Compressor_3_Statuses[13]"
COMMENT,,Vission20_20_Compressor_3_Statuses,"Compressor Model$N$Q0 = VSR$N1 = VSM$N2 = VSS$N3 = VRS$Q",,"Vission20_20_Compressor_3_Statuses[14]"
COMMENT,,Vission20_20_Compressor_3_Statuses,"Refrigerant$N$Q0 = R11$N1 = R12$N2 = R13$N3 = R22$N4 = R113$N5 = R114$N6 = R134a$N7 = R290 -$NPropane$N8 = R404a$N9 = R500$N10 = R502$N11 = R503$N12 = R507$N13 = R717$N14 = R717 -$NCool Comp$N15 = R744 -$NCO2$N16 = R771$N17 = R1270 -$NPropylene$N18 = Natural$NGas$N19 = Other$Q",,"Vission20_20_Compressor_3_Statuses[15]"
COMMENT,,Vission20_20_Compressor_3_Statuses,"Runtime Hours (x1000)",,"Vission20_20_Compressor_3_Statuses[16]"
COMMENT,,Vission20_20_Compressor_3_Statuses,"Runtime Hours (1-999)",,"Vission20_20_Compressor_3_Statuses[17]"
COMMENT,,Vission20_20_Compressor_3_Statuses,"Remote Lock Mode",,"Vission20_20_Compressor_3_Statuses[18]"
TAG,,Vission20_20_Compressor_3_Timers,"Vission 20_20$NCompressor 2 $NTimers","DINT[18]","","(RADIX := Decimal, Constant := false, ExternalAccess := Read/Write)"
COMMENT,,Vission20_20_Compressor_3_Timers,"Capacity Increase Start$NDelay (seconds)",,"Vission20_20_Compressor_3_Timers[0]"
COMMENT,,Vission20_20_Compressor_3_Timers,"Minimum Comp. Prelube$NTime (seconds)",,"Vission20_20_Compressor_3_Timers[1]"
COMMENT,,Vission20_20_Compressor_3_Timers,"Low Oil Press. Safety$NChangeover (seconds)",,"Vission20_20_Compressor_3_Timers[2]"
COMMENT,,Vission20_20_Compressor_3_Timers,"High Filter Diff. Safety$NChangeover (seconds)",,"Vission20_20_Compressor_3_Timers[3]"
COMMENT,,Vission20_20_Compressor_3_Timers,"Compressor Interlock Bypass$N(seconds)",,"Vission20_20_Compressor_3_Timers[4]"
COMMENT,,Vission20_20_Compressor_3_Timers,"Low Oil Sep. Temp Safety$NChangeover (minutes)",,"Vission20_20_Compressor_3_Timers[5]"
COMMENT,,Vission20_20_Compressor_3_Timers,"Low Oil Injection Safety$NChangeover (minutes)",,"Vission20_20_Compressor_3_Timers[6]"
COMMENT,,Vission20_20_Compressor_3_Timers,"High Motor Amps Safety$NChangeover (seconds)",,"Vission20_20_Compressor_3_Timers[7]"
COMMENT,,Vission20_20_Compressor_3_Timers,"Max Restart Time After$NPower Failure (minutes)",,"Vission20_20_Compressor_3_Timers[8]"
COMMENT,,Vission20_20_Compressor_3_Timers,"Hot Starts Per Hour",,"Vission20_20_Compressor_3_Timers[9]"
COMMENT,,Vission20_20_Compressor_3_Timers,"True Anti-Recycle Timer$N(minutes)",,"Vission20_20_Compressor_3_Timers[10]"
COMMENT,,Vission20_20_Compressor_3_Timers,"Accumulative Anti-Recycle$NTimer (minutes)",,"Vission20_20_Compressor_3_Timers[11]"
COMMENT,,Vission20_20_Compressor_3_Timers,"Oil Level #1 Safety Trip Delay$N(seconds)",,"Vission20_20_Compressor_3_Timers[12]"
COMMENT,,Vission20_20_Compressor_3_Timers,"Oil Level #2 Safety Trip Delay$N(seconds)",,"Vission20_20_Compressor_3_Timers[13]"
COMMENT,,Vission20_20_Compressor_3_Timers,"Low Pressure Ratio Bypass$N(seconds)",,"Vission20_20_Compressor_3_Timers[14]"
COMMENT,,Vission20_20_Compressor_3_Timers,"Emergency Stop Timer$N(minutes)",,"Vission20_20_Compressor_3_Timers[15]"
COMMENT,,Vission20_20_Compressor_3_Timers,"Low Suction Pressure Safety$NBypass (seconds)",,"Vission20_20_Compressor_3_Timers[16]"
COMMENT,,Vission20_20_Compressor_3_Timers,"High Superheat Temp Safety$NChangeover (minutes)",,"Vission20_20_Compressor_3_Timers[17]"
TAG,,Vission20_20_Compressor_3_VFD,"Vission 20_20$NCompressor 2 $NCompressor VFD","DINT[12]","","(RADIX := Decimal, Constant := false, ExternalAccess := Read/Write)"
COMMENT,,Vission20_20_Compressor_3_VFD,"VFD Gain (P)",,"Vission20_20_Compressor_3_VFD[0]"
COMMENT,,Vission20_20_Compressor_3_VFD,"VFD Reset (I)",,"Vission20_20_Compressor_3_VFD[1]"
COMMENT,,Vission20_20_Compressor_3_VFD,"VFD Rate (D)",,"Vission20_20_Compressor_3_VFD[2]"
COMMENT,,Vission20_20_Compressor_3_VFD,"Step 1 VFD Minimum Slide$NPosition",,"Vission20_20_Compressor_3_VFD[3]"
COMMENT,,Vission20_20_Compressor_3_VFD,"Step 1 VFD Maximum Slide$NPosition",,"Vission20_20_Compressor_3_VFD[4]"
COMMENT,,Vission20_20_Compressor_3_VFD,"Step 1 VFD Minimum Speed$N(rpm)",,"Vission20_20_Compressor_3_VFD[5]"
COMMENT,,Vission20_20_Compressor_3_VFD,"Step 1 VFD Maximum Speed$N(rpm)",,"Vission20_20_Compressor_3_VFD[6]"
COMMENT,,Vission20_20_Compressor_3_VFD,"2 Step VFD Control Enabled",,"Vission20_20_Compressor_3_VFD[7]"
COMMENT,,Vission20_20_Compressor_3_VFD,"Step 2 VFD Minimum Slide$NPosition",,"Vission20_20_Compressor_3_VFD[8]"
COMMENT,,Vission20_20_Compressor_3_VFD,"Step 2 VFD Maximum Slide$NPosition",,"Vission20_20_Compressor_3_VFD[9]"
COMMENT,,Vission20_20_Compressor_3_VFD,"Step 2 VFD Minimum Speed$N(rpm)",,"Vission20_20_Compressor_3_VFD[10]"
COMMENT,,Vission20_20_Compressor_3_VFD,"Step 2 VFD Maximum Speed$N(rpm)",,"Vission20_20_Compressor_3_VFD[11]"
TAG,,Vission_Comm_Msg_Dly,"","TIMER[2]","","(Constant := false, ExternalAccess := Read/Write)"
TAG,,Vission_Comp_Comm_Ok,"","BOOL[32]","","(RADIX := Decimal, Constant := false, ExternalAccess := Read/Write)"
COMMENT,,Vission_Comp_Comm_Ok,"Compressor 2 Comms Ok",,"Vission_Comp_Comm_Ok[0]"
TAG,,Vission20_20_Compressor_2_AC,"Vission 20/20$NAuto Cycle","MESSAGE","","(ExternalAccess := Read/Write, MessageType := PLC5 Word Range Read, RemoteElement := ""N58:0"", RequestedLength := 10, ConnectionPath := ""Rack_0_Slot_01, 2, 192.168.1.11"", CommTypeCode := 0, LocalIndex := 0, LocalElement := ""Vission20_20_Compressor_3_AC"")"
TAG,,Vission20_20_Compressor_2_AI,"Vission 20/20 $NAnalog Inputs Read","MESSAGE","","(ExternalAccess := Read/Write, MessageType := PLC5 Word Range Read, RemoteElement := ""N52:0"", RequestedLength := 32, ConnectionPath := ""Rack_0_Slot_01, 2, 192.168.1.11"", CommTypeCode := 0, LocalIndex := 0, LocalElement := ""Vission20_20_Compressor_3_AI"")"
TAG,,Vission20_20_Compressor_2_Alarms_Timers,"Vission 20/20$NTimers","MESSAGE","","(ExternalAccess := Read/Write, MessageType := PLC5 Word Range Read, RemoteElement := ""N66:0"", RequestedLength := 18, ConnectionPath := ""Rack_0_Slot_01, 2, 192.168.1.11"", CommTypeCode := 0, LocalIndex := 0, LocalElement := ""Vission20_20_Compressor_3_Timers"")"
TAG,,Vission20_20_Compressor_2_Alarms_Trip1,"Vission 20/20 $NAlarms/Trips $N(Page 1)","MESSAGE","","(ExternalAccess := Read/Write, MessageType := PLC5 Word Range Read, RemoteElement := ""N63:0"", RequestedLength := 14, ConnectionPath := ""Rack_0_Slot_01, 2, 192.168.1.11"", CommTypeCode := 0, LocalIndex := 0, LocalElement := ""Vission20_20_Compressor_3_Alarms_Trip1"")"
TAG,,Vission20_20_Compressor_2_Alarms_Trip2,"Vission 20/20$NAlarms/Trips$N(Page 2)","MESSAGE","","(ExternalAccess := Read/Write, MessageType := PLC5 Word Range Read, RemoteElement := ""N65:0"", RequestedLength := 18, ConnectionPath := ""Rack_0_Slot_01, 2, 192.168.1.11"", CommTypeCode := 0, LocalIndex := 0, LocalElement := ""Vission20_20_Compressor_3_Alarms_Trip2"")"
TAG,,Vission20_20_Compressor_2_Alarms_Trip3,"Vission 20/20$NAlarms/Trips$N(Page 3)","MESSAGE","","(ExternalAccess := Read/Write, MessageType := PLC5 Word Range Read, RemoteElement := ""N65:0"", RequestedLength := 12, ConnectionPath := ""Rack_0_Slot_01, 2, 192.168.1.11"", CommTypeCode := 0, LocalIndex := 0, LocalElement := ""Vission20_20_Compressor_3_Alarms_Trip3"")"
TAG,,Vission20_20_Compressor_2_AO,"Vission 20/20$NAnalog Output Read","MESSAGE","","(ExternalAccess := Read/Write, MessageType := PLC5 Word Range Read, RemoteElement := ""N53:0"", RequestedLength := 8, ConnectionPath := ""Rack_0_Slot_01, 2, 192.168.1.11"", CommTypeCode := 0, LocalIndex := 0, LocalElement := ""Vission20_20_Compressor_3_AO"")"
TAG,,Vission20_20_Compressor_2_CCS,"Vission 20/20$NCompressor Control$NSetpoints","MESSAGE","","(ExternalAccess := Read/Write, MessageType := PLC5 Word Range Read, RemoteElement := ""N57:0"", RequestedLength := 18, ConnectionPath := ""Rack_0_Slot_01, 2, 192.168.1.11"", CommTypeCode := 0, LocalIndex := 0, LocalElement := ""Vission20_20_Compressor_3_CCS"")"
TAG,,Vission20_20_Compressor_2_Cmp_Sch_Time,"Vission 20/20$NCompressor$NScheduling$N(Military Time)","MESSAGE","","(ExternalAccess := Read/Write, MessageType := PLC5 Word Range Read, RemoteElement := ""N67:0"", RequestedLength := 85, ConnectionPath := ""Rack_0_Slot_01, 2, 192.168.1.11"", CommTypeCode := 0, LocalIndex := 0, LocalElement := ""Vission20_20_Compressor_3_Cmp_Sch_time"")"
TAG,,Vission20_20_Compressor_2_Cmp_Seq,"Vission 20/20$NCompressor$NSequencing","MESSAGE","","(ExternalAccess := Read/Write, MessageType := PLC5 Word Range Read, RemoteElement := ""N68:0"", RequestedLength := 11, ConnectionPath := ""Rack_0_Slot_01, 2, 192.168.1.11"", CommTypeCode := 0, LocalIndex := 0, LocalElement := ""Vission20_20_Compressor_3_Cmp_Seq"")"
TAG,,Vission20_20_Compressor_2_Commands,"Vission 20/20 $NCommands","MESSAGE","","(ExternalAccess := Read/Write, MessageType := PLC5 Word Range Read, RemoteElement := ""N56:0"", RequestedLength := 14, ConnectionPath := ""Rack_0_Slot_01, 2, 192.168.1.11"", CommTypeCode := 0, LocalIndex := 0, LocalElement := ""Vission20_20_Compressor_3_Commands"")"
TAG,,Vission20_20_Compressor_2_Cond_Cntrol,"Vission 20/20$NCondenser Control","MESSAGE","","(ExternalAccess := Read/Write, MessageType := PLC5 Word Range Read, RemoteElement := ""N69:0"", RequestedLength := 55, ConnectionPath := ""Rack_0_Slot_01, 2, 192.168.1.11"", CommTypeCode := 0, LocalIndex := 0, LocalElement := ""Vission20_20_Compressor_3_Cond_Cntrol"")"
TAG,,Vission20_20_Compressor_2_Config_Other,"Vission 20/20$NConfiguration$N(Other)","MESSAGE","","(ExternalAccess := Read/Write, MessageType := PLC5 Word Range Read, RemoteElement := ""N77:0"", RequestedLength := 22, ConnectionPath := ""Rack_0_Slot_01, 2, 192.168.1.11"", CommTypeCode := 0, LocalIndex := 0, LocalElement := ""Vission20_20_Compressor_3_Config_Other"")"
TAG,,Vission20_20_Compressor_2_Config_Time,"Vission 20/20$NConfiguration$N(Time)","MESSAGE","","(ExternalAccess := Read/Write, MessageType := PLC5 Word Range Read, RemoteElement := ""N76:0"", RequestedLength := 6, ConnectionPath := ""Rack_0_Slot_01, 2, 192.168.1.11"", CommTypeCode := 0, LocalIndex := 0, LocalElement := ""Vission20_20_Compressor_3_Config_Time"")"
TAG,,Vission20_20_Compressor_2_Cool_CMP,"Vission 20/20$NCool Compression","MESSAGE","","(ExternalAccess := Read/Write, MessageType := PLC5 Word Range Read, RemoteElement := ""N71:0"", RequestedLength := 15, ConnectionPath := ""Rack_0_Slot_01, 2, 192.168.1.11"", CommTypeCode := 0, LocalIndex := 0, LocalElement := ""Vission20_20_Compressor_3_Cool_CMP"")"
TAG,,Vission20_20_Compressor_2_CV,"Vission 20/20$NCalculated Values Read","MESSAGE","","(ExternalAccess := Read/Write, MessageType := PLC5 Word Range Read, RemoteElement := ""N54:0"", RequestedLength := 10, ConnectionPath := ""Rack_0_Slot_01, 2, 192.168.1.11"", CommTypeCode := 0, LocalIndex := 0, LocalElement := ""Vission20_20_Compressor_3_CV"")"
TAG,,Vission20_20_Compressor_2_DI,"Vission 20/20 Digital Inputs Read","MESSAGE","","(ExternalAccess := Read/Write, MessageType := PLC5 Word Range Read, RemoteElement := ""N50:0"", RequestedLength := 16, ConnectionPath := ""Rack_0_Slot_01, 2, 192.168.1.11"", CommTypeCode := 0, LocalIndex := 0, LocalElement := ""Vission20_20_Compressor_3_DI[0]"")"
TAG,,Vission20_20_Compressor_2_DO,"Vission 20/20$NDigital Output Read","MESSAGE","","(ExternalAccess := Read/Write, MessageType := PLC5 Word Range Read, RemoteElement := ""N51:0"", RequestedLength := 24, ConnectionPath := ""Rack_0_Slot_01, 2, 192.168.1.11"", CommTypeCode := 0, LocalIndex := 0, LocalElement := ""Vission20_20_Compressor_3_DO"")"
TAG,,Vission20_20_Compressor_2_Misc1,"Vission 20/20$NMisc 1","MESSAGE","","(ExternalAccess := Read/Write, MessageType := PLC5 Word Range Read, RemoteElement := ""N61:0"", RequestedLength := 25, ConnectionPath := ""Rack_0_Slot_01, 2, 192.168.1.11"", CommTypeCode := 0, LocalIndex := 0, LocalElement := ""Vission20_20_Compressor_3_Misc1"")"
TAG,,Vission20_20_Compressor_2_Misc2,"Vission 20/20$NMisc 2","MESSAGE","","(ExternalAccess := Read/Write, MessageType := PLC5 Word Range Read, RemoteElement := ""N62:0"", RequestedLength := 13, ConnectionPath := ""Rack_0_Slot_01, 2, 192.168.1.11"", CommTypeCode := 0, LocalIndex := 0, LocalElement := ""Vission20_20_Compressor_3_Misc2"")"
TAG,,Vission20_20_Compressor_2_Pmpdwn,"Vission 20/20$NPump Down","MESSAGE","","(ExternalAccess := Read/Write, MessageType := PLC5 Word Range Read, RemoteElement := ""N59:0"", RequestedLength := 7, ConnectionPath := ""Rack_0_Slot_01, 2, 192.168.1.11"", CommTypeCode := 0, LocalIndex := 0, LocalElement := ""Vission20_20_Compressor_3_Pmpdwn"")"
TAG,,Vission20_20_Compressor_2_Pulldwn,"Vission 20/20$NPull Down","MESSAGE","","(ExternalAccess := Read/Write, MessageType := PLC5 Word Range Read, RemoteElement := ""N60:0"", RequestedLength := 5, ConnectionPath := ""Rack_0_Slot_01, 2, 192.168.1.11"", CommTypeCode := 0, LocalIndex := 0, LocalElement := ""Vission20_20_Compressor_3_Pulldwn"")"
TAG,,Vission20_20_Compressor_2_Statuses,"Vission 20/20 $NStatuses","MESSAGE","","(ExternalAccess := Read/Write, MessageType := PLC5 Word Range Read, RemoteElement := ""N55:0"", RequestedLength := 19, ConnectionPath := ""Rack_0_Slot_01, 2, 192.168.1.11"", CommTypeCode := 0, LocalIndex := 0, LocalElement := ""Vission20_20_Compressor_3_Statuses"")"
TAG,,Vission20_20_Compressor_2_VFD,"Vission 20/20$NCompressor VFD","MESSAGE","","(ExternalAccess := Read/Write, MessageType := PLC5 Word Range Read, RemoteElement := ""N70:0"", RequestedLength := 12, ConnectionPath := ""Rack_0_Slot_01, 2, 192.168.1.11"", CommTypeCode := 0, LocalIndex := 0, LocalElement := ""Vission20_20_Compressor_3_VFD"")"
