COMMENT,,Local:0:B3,"""VILTER ENCLOSURE CONTROL POWER LOST ALARM (1=ALARM) """,,Local:0:B3.DATA.0
COMMENT,,Local:0:B3,"""EMERGENCY STOP TRIPPED ALARM (1=ALARM)  """,,Local:0:B3.DATA.1
COMMENT,,Local:0:B3,"""ENABLE COMPRESSOR SUBROUTINE  """,,Local:0:B3.DATA.2
COMMENT,,Local:0:B3,"""ENABLE AIR UNIT SUBROUTINE  """,,Local:0:B3.DATA.3
COMMENT,,Local:0:B3,"""ENABLE CONDENSER SUBROUTINE  """,,Local:0:B3.DATA.4
COMMENT,,Local:0:B3,"""ENABLE ANALOG IN SUBROUTINE  """,,Local:0:B3.DATA.5
COMMENT,,Local:0:B3,"""ENABLE COMMUNICATION SUBROUTINE  """,,Local:0:B3.DATA.6
COMMENT,,Local:0:B3,"""ENABLE ALARM SUBROUTINE  """,,Local:0:B3.DATA.7
COMMENT,,Local:0:B3,"""ENABLE PANELVIEW SUBROUTINE  """,,Local:0:B3.DATA.8
COMMENT,,Local:0:B3,"""SLOT 10 RTD MODULE USER MANUAL CONFIGURATION """,,Local:0:B3.DATA.10
COMMENT,,Local:0:B3,"""SLOT 10 RTD MODULE USER MANUAL CONFIGURATION """,,Local:0:B3.DATA.11
COMMENT,,Local:0:B3,"""SLOT 10 RTD MODULE CHANNEL 0 TEMP. SENSOR ENABLED""",,Local:0:B3.DATA.15
COMMENT,,Local:1:B3,"""SLOT 10 RTD MODULE CHANNEL 1 TEMP. SENSOR ENABLED""",,Local:1:B3.DATA.0
COMMENT,,Local:1:B3,"""SLOT 10 RTD MODULE CHANNEL 2 TEMP. SENSOR ENABLED""",,Local:1:B3.DATA.1
COMMENT,,Local:1:B3,"""SLOT 10 RTD MODULE CHANNEL 3 TEMP. SENSOR ENABLED""",,Local:1:B3.DATA.2
COMMENT,,Local:1:B3,"""SLOT 10 RTD MODULE CHANNEL 4 TEMP. SENSOR ENABLED""",,Local:1:B3.DATA.3
COMMENT,,Local:1:B3,"""SLOT 10 RTD MODULE CHANNEL 5 TEMP. SENSOR ENABLED""",,Local:1:B3.DATA.4
COMMENT,,Local:1:B3,"""SLOT 10 RTD MODULE CHANNEL 6 TEMP. SENSOR ENABLED""",,Local:1:B3.DATA.5
COMMENT,,Local:1:B3,"""SLOT 10 RTD MODULE CHANNEL 7 TEMP. SENSOR ENABLED""",,Local:1:B3.DATA.6
COMMENT,,Local:1:B3,"""SLOT 10 RTD MODULE CHANNEL 0 AUTOCALIBRATION IN PROGRESS""",,Local:1:B3.DATA.12
COMMENT,,Local:1:B3,"""SLOT 10 RTD MODULE CHANNEL 1 AUTOCALIBRATION IN PROGRESS""",,Local:1:B3.DATA.13
COMMENT,,Local:1:B3,"""SLOT 10 RTD MODULE CHANNEL 2 AUTOCALIBRATION IN PROGRESS""",,Local:1:B3.DATA.14
COMMENT,,Local:1:B3,"""SLOT 10 RTD MODULE CHANNEL 3 AUTOCALIBRATION IN PROGRESS""",,Local:1:B3.DATA.15
COMMENT,,Local:2:B3,"""SLOT 10 RTD MODULE CHANNEL 4 AUTOCALIBRATION IN PROGRESS""",,Local:2:B3.DATA.0
COMMENT,,Local:2:B3,"""SLOT 10 RTD MODULE CHANNEL 5 AUTOCALIBRATION IN PROGRESS""",,Local:2:B3.DATA.1
COMMENT,,Local:2:B3,"""SLOT 10 RTD MODULE CHANNEL 6 AUTOCALIBRATION IN PROGRESS""",,Local:2:B3.DATA.2
COMMENT,,Local:2:B3,"""SLOT 10 RTD MODULE CHANNEL 7 AUTOCALIBRATION IN PROGRESS""",,Local:2:B3.DATA.3
COMMENT,,Local:2:B3,"""SLOT 10 RTD MODULE CHANNEL 0 AUTOCALIBRATION ENABLED""",,Local:2:B3.DATA.5
COMMENT,,Local:2:B3,"""SLOT 10 RTD MODULE CHANNEL 1 AUTOCALIBRATION ENABLED""",,Local:2:B3.DATA.6
COMMENT,,Local:2:B3,"""SLOT 10 RTD MODULE CHANNEL 2 AUTOCALIBRATION ENABLED""",,Local:2:B3.DATA.7
COMMENT,,Local:2:B3,"""SLOT 10 RTD MODULE CHANNEL 3 AUTOCALIBRATION ENABLED""",,Local:2:B3.DATA.8
COMMENT,,Local:2:B3,"""SLOT 10 RTD MODULE CHANNEL 4 AUTOCALIBRATION ENABLED""",,Local:2:B3.DATA.9
COMMENT,,Local:2:B3,"""SLOT 10 RTD MODULE CHANNEL 5 AUTOCALIBRATION ENABLED""",,Local:2:B3.DATA.10
COMMENT,,Local:2:B3,"""SLOT 10 RTD MODULE CHANNEL 6 AUTOCALIBRATION ENABLED""",,Local:2:B3.DATA.11
COMMENT,,Local:2:B3,"""SLOT 10 RTD MODULE CHANNEL 7 AUTOCALIBRATION ENABLED""",,Local:2:B3.DATA.12
COMMENT,,Local:2:B3,"""SLOT 10 RTD MODULE CHANNEL 0 AUTOCALIBRATION ONE-SHOT""",,Local:2:B3.DATA.14
COMMENT,,Local:2:B3,"""SLOT 10 RTD MODULE CHANNEL 1 AUTOCALIBRATION ONE-SHOT""",,Local:2:B3.DATA.15
COMMENT,,Local:3:B3,"""SLOT 10 RTD MODULE CHANNEL 2 AUTOCALIBRATION ONE-SHOT""",,Local:3:B3.DATA.0
COMMENT,,Local:3:B3,"""SLOT 10 RTD MODULE CHANNEL 3 AUTOCALIBRATION ONE-SHOT""",,Local:3:B3.DATA.1
COMMENT,,Local:3:B3,"""SLOT 10 RTD MODULE CHANNEL 4 AUTOCALIBRATION ONE-SHOT""",,Local:3:B3.DATA.2
COMMENT,,Local:3:B3,"""SLOT 10 RTD MODULE CHANNEL 5 AUTOCALIBRATION ONE-SHOT""",,Local:3:B3.DATA.3
COMMENT,,Local:3:B3,"""SLOT 10 RTD MODULE CHANNEL 6 AUTOCALIBRATION ONE-SHOT""",,Local:3:B3.DATA.4
COMMENT,,Local:3:B3,"""SLOT 10 RTD MODULE CHANNEL 7 AUTOCALIBRATION ONE-SHOT""",,Local:3:B3.DATA.5
COMMENT,,Local:3:B3,"""    """,,Local:3:B3.DATA.6
COMMENT,,Local:3:B3,"""SLOT 11 CHANNEL 0 PRESS. SENSOR LOW LIMIT DETECT """,,Local:3:B3.DATA.7
COMMENT,,Local:3:B3,"""SLOT 11 CHANNEL 1 PRESS. SENSOR LOW LIMIT DETECT """,,Local:3:B3.DATA.8
COMMENT,,Local:3:B3,"""SLOT 11 CHANNEL 2 PRESS. SENSOR LOW LIMIT DETECT """,,Local:3:B3.DATA.9
COMMENT,,Local:3:B3,"""SLOT 11 CHANNEL 3 VESSEL LEVEL LOW LIMIT DETECT """,,Local:3:B3.DATA.10
COMMENT,,Local:3:B3,"""SLOT 11 CHANNEL 0 PRESS. SENSOR HIGH LIMIT DETECT """,,Local:3:B3.DATA.12
COMMENT,,Local:3:B3,"""SLOT 11 CHANNEL 1 PRESS. SENSOR HIGH LIMIT DETECT """,,Local:3:B3.DATA.13
COMMENT,,Local:3:B3,"""SLOT 11 CHANNEL 2 PRESS. SENSOR HIGH LIMIT DETECT """,,Local:3:B3.DATA.14
COMMENT,,Local:3:B3,"""SLOT 11 CHANNEL 3 VESSEL LEVEL HIGH LIMIT DETECT """,,Local:3:B3.DATA.15
COMMENT,,Local:4:B3,"""AU-1A t1 ACTIVE   """,,Local:4:B3.DATA.0
COMMENT,,Local:4:B3,"""SLOT 11 CHANNEL 0 PRESS. SENSOR ENABLED """,,Local:4:B3.DATA.1
COMMENT,,Local:4:B3,"""SLOT 11 CHANNEL 1 PRESS. SENSOR ENABLED """,,Local:4:B3.DATA.2
COMMENT,,Local:4:B3,"""SLOT 11 CHANNEL 2 PRESS. SENSOR ENABLED """,,Local:4:B3.DATA.3
COMMENT,,Local:4:B3,"""SLOT 11 CHANNEL 3 VESSEL LEVEL ENABLED """,,Local:4:B3.DATA.4
COMMENT,,Local:4:B3,"""AU-1A t6 ACTIVE   """,,Local:4:B3.DATA.5
COMMENT,,Local:4:B3,"""MODE OF AU-1A 0 = FREEZER 1 = COOLER  """,,Local:4:B3.DATA.7
COMMENT,,Local:4:B3,"""AU-1A L=DFSTING   """,,Local:4:B3.DATA.14
COMMENT,,Local:4:B3,"""1 MOM= FORCE DFST AU-1A  """,,Local:4:B3.DATA.15
COMMENT,,Local:5:B3,"""COMPRESSOR 2 COMMUNICATION FAILURE ALARM STATUS BIT """,,Local:5:B3.DATA.0
COMMENT,,Local:5:B3,"""COMPRESSOR 3 COMMUNICATION FAILURE ALARM STATUS BIT """,,Local:5:B3.DATA.1
COMMENT,,Local:5:B3,"""SLOT 1 MODBUS MODULE USER FORCED CONFIGURATION ENABLE BIT""",,Local:5:B3.DATA.3
COMMENT,,Local:5:B3,"""SLOT 1 MODBUS MODULE USER FORCED CONFIGURATION ONE SHOT""",,Local:5:B3.DATA.4
COMMENT,,Local:5:B3,"""COMPRESSOR #2 AUTO MODE COMMAND ENABLE ONE SHOT  """,,Local:5:B3.DATA.6
COMMENT,,Local:5:B3,"""COMPRESSOR #3 AUTO MODE COMMAND ENABLE ONE SHOT  """,,Local:5:B3.DATA.7
COMMENT,,Local:5:B3,"""COMPRESSOR 2 STOP COMMAND UNLATCH ONE-SHOT """,,Local:5:B3.DATA.10
COMMENT,,Local:5:B3,"""COMPRESSOR 3 STOP COMMAND UNLATCH ONE-SHOT """,,Local:5:B3.DATA.11
COMMENT,,Local:5:B3,"""COMPRESSOR 2 STOP COMMAND LATCH ONE-SHOT  """,,Local:5:B3.DATA.13
COMMENT,,Local:5:B3,"""COMPRESSOR 3 STOP COMMAND LATCH ONE-SHOT  """,,Local:5:B3.DATA.14
COMMENT,,Local:6:B3,"""COMPRESSOR 2 CENTRAL MODE COMMAND UNLATCH ONE-SHOT """,,Local:6:B3.DATA.0
COMMENT,,Local:6:B3,"""COMPRESSOR 3 CENTRAL MODE COMMAND UNLATCH ONE-SHOT """,,Local:6:B3.DATA.1
COMMENT,,Local:6:B3,"""COMPRESSOR 2 LOCAL MODE COMMAND UNLATCH ONE-SHOT """,,Local:6:B3.DATA.3
COMMENT,,Local:6:B3,"""COMPRESSOR 3 LOCAL MODE COMMAND UNLATCH ONE-SHOT """,,Local:6:B3.DATA.4
COMMENT,,Local:6:B3,"""COMPRESSOR 2 AUTO MODE UNLATCH ONE-SHOT """,,Local:6:B3.DATA.6
COMMENT,,Local:6:B3,"""COMPRESSOR 3 AUTO MODE COMMAND UNLATCH ONE-SHOT """,,Local:6:B3.DATA.7
COMMENT,,Local:6:B3,"""COMPRESSOR 2 AUTO MODE PERMISSIVE BIT  """,,Local:6:B3.DATA.11
COMMENT,,Local:6:B3,"""COMPRESSOR 3 AUTO MODE PERMISSIVE BIT  """,,Local:6:B3.DATA.12
COMMENT,,Local:6:B3,"""LOW STAGE COMPRESSOR RUN ENABLE PERMISSIVE BIT """,,Local:6:B3.DATA.14
COMMENT,,Local:6:B3,"""HIGH STAGE RUN PERMISSIVE BIT  """,,Local:6:B3.DATA.15
COMMENT,,Local:7:B3,"""COMPRESSOR 2 OK TO RUN PERMISSIVE  """,,Local:7:B3.DATA.2
COMMENT,,Local:7:B3,"""COMPRESSOR 3 OK TO RUN PERMISSIVE  """,,Local:7:B3.DATA.3
COMMENT,,Local:7:B3,"""COMPRESSOR 2 AT MINIMUM CAPACITY STATUS BIT  """,,Local:7:B3.DATA.6
COMMENT,,Local:7:B3,"""COMPRESSOR 3 AT MINIMUM CAPACITY STATUS BIT  """,,Local:7:B3.DATA.7
COMMENT,,Local:7:B3,"""COMPRESSOR #2 MAX RUNTIME @ MIN CAPACITY STOP COMMAND ONE SHOT""",,Local:7:B3.DATA.10
COMMENT,,Local:7:B3,"""COMPRESSOR #3 MAX RUNTIME @ MIN CAPACITY STOP COMMAND ONE SHOT""",,Local:7:B3.DATA.11
COMMENT,,Local:7:B3,"""COMPRESSOR 2 FORCE EXPIRATION MINIMUM CAPACITY TIMER ONE SHOT""",,Local:7:B3.DATA.14
COMMENT,,Local:7:B3,"""COMPRESSOR 3 FORCE EXPIRATION MINIMUM CAPACITY TIMER ONE SHOT""",,Local:7:B3.DATA.15
COMMENT,,Local:8:B3,"""COMPRESSOR 2 AT MAXIMUM CAPACITY STATUS BIT """,,Local:8:B3.DATA.3
COMMENT,,Local:8:B3,"""COMPRESSOR 3 AT MAXIMUM CAPACITY STATUS BIT """,,Local:8:B3.DATA.4
COMMENT,,Local:8:B3,"""COMPRESSOR 1 ANTIRECYCLE ACTIVE STATUS BIT """,,Local:8:B3.DATA.7
COMMENT,,Local:8:B3,"""COMPRESSOR 2 ANTIRECYCLE ACTIVE STATUS BIT """,,Local:8:B3.DATA.8
COMMENT,,Local:8:B3,"""COMPRESSOR 3 ANTIRECYCLE ACTIVE STATUS BIT """,,Local:8:B3.DATA.9
COMMENT,,Local:8:B3,"""COMPRESSOR 2 WAIT STATE ACTIVE STATUS BIT """,,Local:8:B3.DATA.12
COMMENT,,Local:8:B3,"""COMPRESSOR 3 WAIT STATE ACTIVE STATUS BIT """,,Local:8:B3.DATA.13
COMMENT,,Local:9:B3,"""1ST L.S. COMPRESSOR WAITING  """,,Local:9:B3.DATA.1
COMMENT,,Local:9:B3,"""2ND L.S. COMPRESSOR WAITING  """,,Local:9:B3.DATA.2
COMMENT,,Local:9:B3,"""1ST L.S. COMPRESSOR AT MAXIMUM CAPACITY """,,Local:9:B3.DATA.4
COMMENT,,Local:9:B3,"""2ND L.S. COMPRESSOR AT MAXIMUM CAPACITY """,,Local:9:B3.DATA.5
COMMENT,,Local:9:B3,"""1ST L.S. COMPRESSOR AT MINIMUM CAPACITY """,,Local:9:B3.DATA.7
COMMENT,,Local:9:B3,"""2ND L.S. COMPRESSOR AT MINIMUM CAPACITY """,,Local:9:B3.DATA.8
COMMENT,,Local:9:B3,"""RUN ENABLE OF 1ST L.S. COMPRESSOR  """,,Local:9:B3.DATA.10
COMMENT,,Local:9:B3,"""RUN ENABLE OF 2ND L.S. COMPRESSOR  """,,Local:9:B3.DATA.11
COMMENT,,Local:9:B3,"""ALLOW START OF 1ST L.S. COMPRESSOR  """,,Local:9:B3.DATA.13
COMMENT,,Local:9:B3,"""ALLOW START OF 2ND L.S. COMPRESSOR  """,,Local:9:B3.DATA.14
COMMENT,,Local:10:B3,"""ALLOW LOADING OF 1ST L.S. COMPRESSOR  """,,Local:10:B3.DATA.0
COMMENT,,Local:10:B3,"""ALLOW LOADING OF 2ND L.S. COMPRESSOR  """,,Local:10:B3.DATA.1
COMMENT,,Local:10:B3,"""ALLOW UNLOADING OF 1ST L.S. COMPRESSOR  """,,Local:10:B3.DATA.3
COMMENT,,Local:10:B3,"""ALLOW UNLOADING OF 2ND L.S. COMPRESSOR  """,,Local:10:B3.DATA.4
COMMENT,,Local:10:B3,"""COMPRESSOR 2 AUTO MODE COMMAND LATCH ONE-SHOT """,,Local:10:B3.DATA.6
COMMENT,,Local:10:B3,"""COMPRESSOR 3 AUTO MODE COMMAND LATCH ONE-SHOT """,,Local:10:B3.DATA.7
COMMENT,,Local:10:B3,"""MODBUS COMMAND ONE-SHOT   """,,Local:10:B3.DATA.9
COMMENT,,Local:10:B3,"""MODBUS COMMAND ONE-SHOT   """,,Local:10:B3.DATA.10
COMMENT,,Local:10:B3,"""COMPRESSOR 2 MANUAL MODE PERMISSIVE BIT  """,,Local:10:B3.DATA.12
COMMENT,,Local:10:B3,"""COMPRESSOR 3 MANUAL MODE PERMISSIVE BIT  """,,Local:10:B3.DATA.13
COMMENT,,Local:10:B3,"""DON'T RUN CONDENSERS   """,,Local:10:B3.DATA.15
COMMENT,,Local:11:B3,"""CONDENSER STEP ONE-SHOT   """,,Local:11:B3.DATA.1
COMMENT,,Local:11:B3,"""CONDENSER PUMP #1 FEEBACK ALARM  """,,Local:11:B3.DATA.3
COMMENT,,Local:11:B3,"""CONDENSER PUMP #2 RUN FEEDBACK ALARM """,,Local:11:B3.DATA.4
COMMENT,,Local:11:B3,"""CONDENSER FAN RUN FEEDBACK ALARM  """,,Local:11:B3.DATA.5
COMMENT,,Local:11:B3,"""FREEZER #1 FAN RUN FEEDBACK ALARM """,,Local:11:B3.DATA.6
COMMENT,,Local:11:B3,"""FREEZER #2 FAN RUN FEEDBACK ALARM """,,Local:11:B3.DATA.7
COMMENT,,Local:11:B3,"""FREEZER #3 FAN RUN FEEDBACK ALARM  """,,Local:11:B3.DATA.8
COMMENT,,Local:11:B3,"""FREEZER #4 FAN RUN FEEDBACK ALARM  """,,Local:11:B3.DATA.9
COMMENT,,Local:11:B3,"""DOCK #1 FAN RUN FEEDBACK ALARM  """,,Local:11:B3.DATA.12
COMMENT,,Local:11:B3,"""DOCK #2 FAN RUN FEEDBACK ALARM  """,,Local:11:B3.DATA.13
COMMENT,,Local:11:B3,"""DOCK #3 FAN RUN FEEDBACK ALARM  """,,Local:11:B3.DATA.14
COMMENT,,Local:11:B3,"""COOLER FAN RUN FEEDBACK ALARM  """,,Local:11:B3.DATA.15
COMMENT,,Local:12:B3,"""PALLETIZER FAN RUN FEEDBACK ALARM  """,,Local:12:B3.DATA.0
COMMENT,,Local:12:B3,"""HIGH DISCHARGE PRESSURE SHUTDOWN   """,,Local:12:B3.DATA.2
COMMENT,,Local:12:B3,"""FREEZER #1 T1 ACTIVE   """,,Local:12:B3.DATA.8
COMMENT,,Local:12:B3,"""FREEZER #1 T2 ACTIVE   """,,Local:12:B3.DATA.9
COMMENT,,Local:12:B3,"""FREEZER #1 T3 ACTIVE   """,,Local:12:B3.DATA.10
COMMENT,,Local:12:B3,"""FREEZER #1 T4 ACTIVE   """,,Local:12:B3.DATA.11
COMMENT,,Local:12:B3,"""FREEZER #1 T5 ACTIVE   """,,Local:12:B3.DATA.12
COMMENT,,Local:12:B3,"""FREEZER #1 T6 ACTIVE   """,,Local:12:B3.DATA.13
COMMENT,,Local:12:B3,"""FREEZER #1 1 = FORCE DEFROST   """,,Local:12:B3.DATA.14
COMMENT,,Local:12:B3,"""FREEZER #1 DEFROSTING   """,,Local:12:B3.DATA.15
COMMENT,,Local:13:B3,"""FREEZER #2 T1 ACTIVE   """,,Local:13:B3.DATA.1
COMMENT,,Local:13:B3,"""FREEZER #2 T2 ACTIVE   """,,Local:13:B3.DATA.2
COMMENT,,Local:13:B3,"""FREEZER #2 T3 ACTIVE   """,,Local:13:B3.DATA.3
COMMENT,,Local:13:B3,"""FREEZER #2 T4 ACTIVE   """,,Local:13:B3.DATA.4
COMMENT,,Local:13:B3,"""FREEZER #2 T5 ACTIVE   """,,Local:13:B3.DATA.5
COMMENT,,Local:13:B3,"""FREEZER #2 T6 ACTIVE   """,,Local:13:B3.DATA.6
COMMENT,,Local:13:B3,"""FREEZER #2 1 = FORCE DEFROST   """,,Local:13:B3.DATA.7
COMMENT,,Local:13:B3,"""FREEZER #2 DEFROSTING   """,,Local:13:B3.DATA.8
COMMENT,,Local:13:B3,"""FREEZER #3 T1 ACTIVE   """,,Local:13:B3.DATA.10
COMMENT,,Local:13:B3,"""FREEZER #3 T2 ACTIVE   """,,Local:13:B3.DATA.11
COMMENT,,Local:13:B3,"""FREEZER #3 T3 ACTIVE   """,,Local:13:B3.DATA.12
COMMENT,,Local:13:B3,"""FREEZER #3 T4 ACTIVE   """,,Local:13:B3.DATA.13
COMMENT,,Local:13:B3,"""FREEZER #3 T5 ACTIVE   """,,Local:13:B3.DATA.14
COMMENT,,Local:13:B3,"""FREEZER #3 T6 ACTIVE   """,,Local:13:B3.DATA.15
COMMENT,,Local:14:B3,"""FREEZER #3 1 = FORCE DEFROST   """,,Local:14:B3.DATA.0
COMMENT,,Local:14:B3,"""FREEZER #3 DEFROSTING   """,,Local:14:B3.DATA.1
COMMENT,,Local:14:B3,"""FREEZER #4 T1 ACTIVE   """,,Local:14:B3.DATA.3
COMMENT,,Local:14:B3,"""FREEZER #4 T2 ACTIVE   """,,Local:14:B3.DATA.4
COMMENT,,Local:14:B3,"""FREEZER #4 T3 ACTIVE   """,,Local:14:B3.DATA.5
COMMENT,,Local:14:B3,"""FREEZER #4 T4 ACTIVE   """,,Local:14:B3.DATA.6
COMMENT,,Local:14:B3,"""FREEZER #4 T5 ACTIVE   """,,Local:14:B3.DATA.7
COMMENT,,Local:14:B3,"""FREEZER #4 T6 ACTIVE   """,,Local:14:B3.DATA.8
COMMENT,,Local:14:B3,"""FREEZER #4 1 = FORCE DEFROST   """,,Local:14:B3.DATA.9
COMMENT,,Local:14:B3,"""FREEZER #4 DEFROSTING   """,,Local:14:B3.DATA.10
COMMENT,,Local:14:B3,"""COOLER T1 ACTIVE   """,,Local:14:B3.DATA.12
COMMENT,,Local:14:B3,"""COOLER T2 ACTIVE   """,,Local:14:B3.DATA.13
COMMENT,,Local:14:B3,"""COOLER T3 ACTIVE   """,,Local:14:B3.DATA.14
COMMENT,,Local:14:B3,"""COOLER T4 ACTIVE   """,,Local:14:B3.DATA.15
COMMENT,,Local:15:B3,"""COOLER T5 ACTIVE   """,,Local:15:B3.DATA.0
COMMENT,,Local:15:B3,"""COOLER T6 ACTIVE   """,,Local:15:B3.DATA.1
COMMENT,,Local:15:B3,"""COOLER 1 = FORCE DEFROST   """,,Local:15:B3.DATA.2
COMMENT,,Local:15:B3,"""COOLER DEFROSTING   """,,Local:15:B3.DATA.3
COMMENT,,Local:15:B3,"""PALLETIZER T1 ACTIVE   """,,Local:15:B3.DATA.5
COMMENT,,Local:15:B3,"""PALLETIZER T2 ACTIVE   """,,Local:15:B3.DATA.6
COMMENT,,Local:15:B3,"""PALLETIZER T3 ACTIVE   """,,Local:15:B3.DATA.7
COMMENT,,Local:15:B3,"""PALLETIZER T4 ACTIVE   """,,Local:15:B3.DATA.8
COMMENT,,Local:15:B3,"""PALLETIZER T5 ACTIVE   """,,Local:15:B3.DATA.9
COMMENT,,Local:15:B3,"""PALLETIZER T6 ACTIVE   """,,Local:15:B3.DATA.10
COMMENT,,Local:15:B3,"""PALLETIZER 1 = FORCE DEFROST   """,,Local:15:B3.DATA.11
COMMENT,,Local:15:B3,"""PALLETIZER DEFROSTING   """,,Local:15:B3.DATA.12
COMMENT,,Local:15:B3,"""COMPRESSOR 1 MOTOR STARTER FAILURE  """,,Local:15:B3.DATA.15
COMMENT,,Local:16:B3,"""COMPRESSOR 1 SEQUENCE ON   """,,Local:16:B3.DATA.0
COMMENT,,Local:16:B3,"""COMPRESSOR 1 66% SV   """,,Local:16:B3.DATA.1
COMMENT,,Local:16:B3,"""COMPRESSOR 1 33% SV   """,,Local:16:B3.DATA.2
COMMENT,,Local:17:B3,"""COMPRESSOR 1 MS FAIL OR NOT SAFE OR NOT AUTO """,,Local:17:B3.DATA.0
COMMENT,,Local:17:B3,"""COMPRESSOR 1 AT 100% CAPACITY   """,,Local:17:B3.DATA.1
COMMENT,,Local:0:C5,"""FREEZER #1 DEFROST MIN   """,,Local:0:C5.DATA.
COMMENT,,Local:0.ACC:C5,"""AU-1A DEFROST MIN   """,,Local:0.ACC:C5.DATA.
COMMENT,,Local:0:C5,"""FREEZER #1 DEFROST MIN   """,,Local:0:C5.DATA.DN
COMMENT,,Local:1:C5,"""FREEZER #2 DEFROST MIN   """,,Local:1:C5.DATA.
COMMENT,,Local:2:C5,"""FREEZER #3 DEFROST MIN   """,,Local:2:C5.DATA.
COMMENT,,Local:3:C5,"""FREEZER #4 DEFROST MIN   """,,Local:3:C5.DATA.
COMMENT,,Local:6:C5,"""COOLER DEFROST MIN   """,,Local:6:C5.DATA.
COMMENT,,Local:7:C5,"""PALLETIZER DEFROST MIN   """,,Local:7:C5.DATA.
COMMENT,,Local:1:I,"""MODBUS MODULE REGISTER TRANSFER ENABLE BIT  """,,Local:1:I.DATA.0
COMMENT,,Local:2:I,"""COMPRESSOR 1 HAND MODE   """,,Local:2:I.DATA.0
COMMENT,,Local:2:I,"""COMPRESSOR 1 AUTO MODE   """,,Local:2:I.DATA.1
COMMENT,,Local:2:I,"""COMPRESSOR #2 SELECTOR SWITCH IN HAND MODE POSITION """,,Local:2:I.DATA.2
COMMENT,,Local:2:I,"""COMPRESSOR #2 SELECTOR SWITCH IN AUTO MODE POSITION """,,Local:2:I.DATA.3
COMMENT,,Local:2:I,"""COMPRESSOR #3 SELECTOR SWITCH IN HAND MODE POSITION """,,Local:2:I.DATA.4
COMMENT,,Local:2:I,"""COMPRESSOR #3 SELECTOR SWITCH IN AUTO MODE POSITION """,,Local:2:I.DATA.5
COMMENT,,Local:2:I,"""CONDENSER PUMP #1 HAND MODE  """,,Local:2:I.DATA.8
COMMENT,,Local:2:I,"""CONDENSER PUMP #1 IN AUTO MODE  """,,Local:2:I.DATA.9
COMMENT,,Local:2:I,"""CONDENSER PUMP #2 HAND MODE  """,,Local:2:I.DATA.10
COMMENT,,Local:2:I,"""CONDENSER PUMP #2 IN AUTO MODE  """,,Local:2:I.DATA.11
COMMENT,,Local:2:I,"""CONDENSER FAN HAND MODE  """,,Local:2:I.DATA.12
COMMENT,,Local:2:I,"""CONDENSER FAN IN AUTO MODE  """,,Local:2:I.DATA.13
COMMENT,,Local:2:I,"""FREEZER #1 HAND MODE   """,,Local:2:I.DATA.14
COMMENT,,Local:2:I,"""FREEZER #1 IN AUTO MODE   """,,Local:2:I.DATA.15
COMMENT,,Local:3:I,"""FREEZER #2 HAND MODE   """,,Local:3:I.DATA.0
COMMENT,,Local:3:I,"""FREEZER #2 IN AUTO MODE   """,,Local:3:I.DATA.1
COMMENT,,Local:3:I,"""FREEZER #3 HAND MODE   """,,Local:3:I.DATA.2
COMMENT,,Local:3:I,"""FREEZER #3 IN AUTO MODE   """,,Local:3:I.DATA.3
COMMENT,,Local:3:I,"""FREEZER #4 HAND MODE   """,,Local:3:I.DATA.4
COMMENT,,Local:3:I,"""FREEZER #4 AUTO POSITION   """,,Local:3:I.DATA.5
COMMENT,,Local:3:I,"""DOCK #1 HAND MODE   """,,Local:3:I.DATA.10
COMMENT,,Local:3:I,"""DOCK #1 AUTO MODE   """,,Local:3:I.DATA.11
COMMENT,,Local:3:I,"""DOCK #2 HAND MODE   """,,Local:3:I.DATA.12
COMMENT,,Local:3:I,"""DOCK #2 AUTO MODE   """,,Local:3:I.DATA.13
COMMENT,,Local:3:I,"""DOCK #3 HAND MODE   """,,Local:3:I.DATA.14
COMMENT,,Local:3:I,"""DOCK #3 AUTO MODE   """,,Local:3:I.DATA.15
COMMENT,,Local:4:I,"""COOLER HAND MODE   """,,Local:4:I.DATA.0
COMMENT,,Local:4:I,"""COOLER AUTO MODE   """,,Local:4:I.DATA.1
COMMENT,,Local:4:I,"""PALLETIZER HAND MODE   """,,Local:4:I.DATA.2
COMMENT,,Local:4:I,"""PALLETIZER AUTO MODE   """,,Local:4:I.DATA.3
COMMENT,,Local:4:I,"""CONDENSER PUMP #1 RUN FEEDBACK 1 = OK """,,Local:4:I.DATA.4
COMMENT,,Local:4:I,"""CONDENSER PUMP #2 RUN FEEDBACK 1 = OK """,,Local:4:I.DATA.5
COMMENT,,Local:4:I,"""CONDENSER FAN RUN FEEDBACK  """,,Local:4:I.DATA.6
COMMENT,,Local:4:I,"""FREEZER #1 FAN RUN FEEDBACK OK  """,,Local:4:I.DATA.7
COMMENT,,Local:4:I,"""FREEZER #2 FAN RUN FEEDBACK  """,,Local:4:I.DATA.8
COMMENT,,Local:4:I,"""FREEZER #3 FAN RUN FEEDBACK OK  """,,Local:4:I.DATA.9
COMMENT,,Local:4:I,"""FREEZER #4 FAN RUN FEEDBACK OK  """,,Local:4:I.DATA.10
COMMENT,,Local:4:I,"""    """,,Local:4:I.DATA.11
COMMENT,,Local:4:I,"""DOCK #1 FAN RUN FEEDBACK OK  """,,Local:4:I.DATA.13
COMMENT,,Local:4:I,"""DOCK #2 FAN RUN FEEDBACK OK  """,,Local:4:I.DATA.14
COMMENT,,Local:4:I,"""DOCK #3 FAN RUN FEEDBACK OK  """,,Local:4:I.DATA.15
COMMENT,,Local:5:I,"""COOLER FAN RUN FEEDBACK OK  """,,Local:5:I.DATA.0
COMMENT,,Local:5:I,"""PALLETIZER FAN RUN FEEDBACK OK  """,,Local:5:I.DATA.1
COMMENT,,Local:5:I,"""CONTROL POWER PRESENT (1=OK) """,,Local:5:I.DATA.2
COMMENT,,Local:5:I,"""EMERGENCY STOP NOT PRESSED (1=OK) """,,Local:5:I.DATA.3
COMMENT,,Local:5:I,"""AMMONIA DETECTOR ALARM   """,,Local:5:I.DATA.5
COMMENT,,Local:5:I,"""COMPRESSOR 1 RUN SIGNAL   """,,Local:5:I.DATA.6
COMMENT,,Local:5:I,"""COMPRESSOR 1 SAFETIES 1 = OK  """,,Local:5:I.DATA.7
COMMENT,,Local:10.0:I,"""FREEZER TEMPERATURE SENSOR  """,,Local:10.0:I.DATA.
COMMENT,,Local:10:I,"""AU-1A AUTO SW    """,,Local:10:I.DATA.0
COMMENT,,Local:10.1:I,"""COOLER TEMPERATURE SENSOR  """,,Local:10.1:I.DATA.
COMMENT,,Local:10.2:I,"""DOCK TEMPERATURE SENSOR  """,,Local:10.2:I.DATA.
COMMENT,,Local:10.3:I,"""PALLETIZING TEMPERATURE SENSOR  """,,Local:10.3:I.DATA.
COMMENT,,Local:10:I,"""SLOT 10 RTD MODULE CHANNEL 0 CHANNEL ENABLE STATUS BIT""",,Local:10:I.DATA.139
COMMENT,,Local:10:I,"""SLOT 10 RTD MODULE CHANNEL 0 CALIBRATE ERROR STATUS BIT""",,Local:10:I.DATA.140
COMMENT,,Local:10:I,"""SLOT 10 RTD MODULE CHANNEL 0 BROKEN INPUT STATUS BIT""",,Local:10:I.DATA.141
COMMENT,,Local:10:I,"""SLOT 10 RTD MODULE CHANNEL 0 OUT OF RANGE STATUS BIT""",,Local:10:I.DATA.142
COMMENT,,Local:10:I,"""SLOT 10 RTD MODULE CHANNEL 0 CONFIGURE ERROR STATUS BIT""",,Local:10:I.DATA.143
COMMENT,,Local:10:I,"""SLOT 10 RTD MODULE CHANNEL 1 CHANNEL ENABLE STATUS BIT""",,Local:10:I.DATA.155
COMMENT,,Local:10:I,"""SLOT 10 RTD MODULE CHANNEL 1 CALIBRATE ERROR STATUS BIT""",,Local:10:I.DATA.156
COMMENT,,Local:10:I,"""SLOT 10 RTD MODULE CHANNEL 1 BROKEN INPUT STATUS BIT""",,Local:10:I.DATA.157
COMMENT,,Local:10:I,"""SLOT 10 RTD MODULE CHANNEL 1 OUT OF RANGE STATUS BIT""",,Local:10:I.DATA.158
COMMENT,,Local:10:I,"""SLOT 10 RTD MODULE CHANNEL 1 CONFIGURE ERROR STATUS BIT""",,Local:10:I.DATA.159
COMMENT,,Local:10:I,"""SLOT 10 RTD MODULE CHANNEL 2 CHANNEL ENABLE STATUS BIT""",,Local:10:I.DATA.171
COMMENT,,Local:10:I,"""SLOT 10 RTD MODULE CHANNEL 2 CALIBRATE ERROR STATUS BIT""",,Local:10:I.DATA.172
COMMENT,,Local:10:I,"""SLOT 10 RTD MODULE CHANNEL 2 BROKEN INPUT STATUS BIT""",,Local:10:I.DATA.173
COMMENT,,Local:10:I,"""SLOT 10 RTD MODULE CHANNEL 2 OUT OF RANGE STATUS BIT""",,Local:10:I.DATA.174
COMMENT,,Local:10:I,"""SLOT 10 RTD MODULE CHANNEL 2 CONFIGURE ERROR STATUS BIT""",,Local:10:I.DATA.175
COMMENT,,Local:10:I,"""SLOT 10 RTD MODULE CHANNEL 3 CHANNEL ENABLE STATUS BIT""",,Local:10:I.DATA.187
COMMENT,,Local:10:I,"""SLOT 10 RTD MODULE CHANNEL 3 CALIBRATE ERROR STATUS BIT""",,Local:10:I.DATA.188
COMMENT,,Local:10:I,"""SLOT 10 RTD MODULE CHANNEL 3 BROKEN INPUT STATUS BIT""",,Local:10:I.DATA.189
COMMENT,,Local:10:I,"""SLOT 10 RTD MODULE CHANNEL 3 OUT OF RANGE STATUS BIT""",,Local:10:I.DATA.190
COMMENT,,Local:10:I,"""SLOT 10 RTD MODULE CHANNEL 3 CONFIGURE ERROR STATUS BIT""",,Local:10:I.DATA.191
COMMENT,,Local:10:I,"""SLOT 10 RTD MODULE CHANNEL 4 CHANNEL ENABLE STATUS BIT""",,Local:10:I.DATA.203
COMMENT,,Local:10:I,"""SLOT 10 RTD MODULE CHANNEL 4 CALIBRATE ERROR STATUS BIT""",,Local:10:I.DATA.204
COMMENT,,Local:10:I,"""SLOT 10 RTD MODULE CHANNEL 4 BROKEN INPUT STATUS BIT""",,Local:10:I.DATA.205
COMMENT,,Local:10:I,"""SLOT 10 RTD MODULE CHANNEL 4 OUT OF RANGE STATUS BIT""",,Local:10:I.DATA.206
COMMENT,,Local:10:I,"""SLOT 10 RTD MODULE CHANNEL 4 CONFIGURE ERROR STATUS BIT""",,Local:10:I.DATA.207
COMMENT,,Local:10:I,"""SLOT 10 RTD MODULE CHANNEL 5 CHANNEL ENABLE STATUS BIT""",,Local:10:I.DATA.219
COMMENT,,Local:10:I,"""SLOT 10 RTD MODULE CHANNEL 5 CALIBRATE ERROR STATUS BIT""",,Local:10:I.DATA.220
COMMENT,,Local:10:I,"""SLOT 10 RTD MODULE CHANNEL 5 BROKEN INPUT STATUS BIT""",,Local:10:I.DATA.221
COMMENT,,Local:10:I,"""SLOT 10 RTD MODULE CHANNEL 5 OUT OF RANGE STATUS BIT""",,Local:10:I.DATA.222
COMMENT,,Local:10:I,"""SLOT 10 RTD MODULE CHANNEL 5 CONFIGURE ERROR STATUS BIT""",,Local:10:I.DATA.223
COMMENT,,Local:10:I,"""SLOT 10 RTD MODULE CHANNEL 6 CHANNEL ENABLE STATUS BIT""",,Local:10:I.DATA.235
COMMENT,,Local:10:I,"""SLOT 10 RTD MODULE CHANNEL 6 CALIBRATE ERROR STATUS BIT""",,Local:10:I.DATA.236
COMMENT,,Local:10:I,"""SLOT 10 RTD MODULE CHANNEL 6 BROKEN INPUT STATUS BIT""",,Local:10:I.DATA.237
COMMENT,,Local:10:I,"""SLOT 10 RTD MODULE CHANNEL 6 OUT OF RANGE STATUS BIT""",,Local:10:I.DATA.238
COMMENT,,Local:10:I,"""SLOT 10 RTD MODULE CHANNEL 6 CONFIGURE ERROR STATUS BIT""",,Local:10:I.DATA.239
COMMENT,,Local:10:I,"""SLOT 10 RTD MODULE CHANNEL 7 CHANNEL ENABLE STATUS BIT""",,Local:10:I.DATA.251
COMMENT,,Local:10:I,"""SLOT 10 RTD MODULE CHANNEL 7 CALIBRATE ERROR STATUS BIT""",,Local:10:I.DATA.252
COMMENT,,Local:10:I,"""SLOT 10 RTD MODULE CHANNEL 7 BROKEN INPUT STATUS BIT""",,Local:10:I.DATA.253
COMMENT,,Local:10:I,"""SLOT 10 RTD MODULE CHANNEL 7 OUT OF RANGE STATUS BIT""",,Local:10:I.DATA.254
COMMENT,,Local:10:I,"""SLOT 10 RTD MODULE CHANNEL 7 CONFIGURE ERROR STATUS BIT""",,Local:10:I.DATA.255
COMMENT,,Local:11.0:I,"""LOW SUCTION PRESSURE TRANSDUCER  """,,Local:11.0:I.DATA.
COMMENT,,Local:11.1:I,"""HIGH SUCTION PRESSURE TRANSDUCER  """,,Local:11.1:I.DATA.
COMMENT,,Local:11.2:I,"""DISCHARGE PRESSURE TRANSDUCER  """,,Local:11.2:I.DATA.
COMMENT,,Local:11.3:I,"""VESSEL LEVEL CONTROL  """,,Local:11.3:I.DATA.
COMMENT,,Local:15:I,"""+10 DEG SUCTION TRAP HIGH LEVEL TRIP  """,,Local:15:I.DATA.3
COMMENT,,Local:15:I,"""-25 DEG SUCTION TRAP HIGH LEVEL TRIP  """,,Local:15:I.DATA.4
COMMENT,,Local:1.0:M0,"""ENCODE BLOCKS    """,,Local:1.0:M0.DATA.
COMMENT,,Local:1.1:M0,"""    """,,Local:1.1:M0.DATA.
COMMENT,,Local:1.0:M1,"""MODBUS MODULE DECODE BTR BLOCK ID  """,,Local:1.0:M1.DATA.
COMMENT,,Local:0:N7,"""SLOT 10 1746-NR8 MOD. CHANNEL 0 CONFIGURATION WORD""",,Local:0:N7.DATA.
COMMENT,,Local:1:N7,"""SLOT 10 1746-NR8 MOD. CHANNEL 1 CONFIGURATION WORD""",,Local:1:N7.DATA.
COMMENT,,Local:2:N7,"""SLOT 10 1746-NR8 MOD. CHANNEL 2 CONFIGURATION WORD""",,Local:2:N7.DATA.
COMMENT,,Local:3:N7,"""SLOT 10 1746-NR8 MOD. CHANNEL 3 CONFIGURATION WORD""",,Local:3:N7.DATA.
COMMENT,,Local:4:N7,"""SLOT 10 1746-NR8 MOD. CHANNEL 4 CONFIGURATION WORD""",,Local:4:N7.DATA.
COMMENT,,Local:5:N7,"""SLOT 10 1746-NR8 MOD. CHANNEL 5 CONFIGURATION WORD""",,Local:5:N7.DATA.
COMMENT,,Local:6:N7,"""SLOT 10 1746-NR8 MOD. CHANNEL 6 CONFIGURATION WORD""",,Local:6:N7.DATA.
COMMENT,,Local:7:N7,"""SLOT 10 1746-NR8 MOD. CHANNEL 7 CONFIGURATION WORD""",,Local:7:N7.DATA.
COMMENT,,Local:10:N7,"""LOW SUCTION PRESS. RAW VALUE   """,,Local:10:N7.DATA.
COMMENT,,Local:11:N7,"""HIGH SUCTION PRESS. RAW VALUE   """,,Local:11:N7.DATA.
COMMENT,,Local:12:N7,"""DISCHARGE PRESS. RAW VALUE   """,,Local:12:N7.DATA.
COMMENT,,Local:13:N7,"""VESSEL LEVEL CONTROL RAW VALUE  """,,Local:13:N7.DATA.
COMMENT,,Local:16:N7,"""FREEZER TEMP. RAW VALUE   """,,Local:16:N7.DATA.
COMMENT,,Local:17:N7,"""COOLER TEMP. RAW VALUE   """,,Local:17:N7.DATA.
COMMENT,,Local:18:N7,"""DOCK TEMP. RAW VALUE   """,,Local:18:N7.DATA.
COMMENT,,Local:19:N7,"""PALLETIZING TEMP. RAW VALUE   """,,Local:19:N7.DATA.
COMMENT,,Local:20:N7,"""SPARE RTD CHANNEL 4 RAW VALUE  """,,Local:20:N7.DATA.
COMMENT,,Local:21:N7,"""SPARE RTD CHANNEL 5 RAW VALUE  """,,Local:21:N7.DATA.
COMMENT,,Local:22:N7,"""SPARE RTD CHANNEL 6 RAW VALUE  """,,Local:22:N7.DATA.
COMMENT,,Local:23:N7,"""SPARE RTD CHANNEL 7 RAW VALUE  """,,Local:23:N7.DATA.
COMMENT,,Local:25:N7,"""RESET WORD 1 SET COMPRESSOR DATA TO ZERO  """,,Local:25:N7.DATA.
COMMENT,,Local:26:N7,"""RESET WORD 2 SET COMPRESSOR DATA TO ZERO  """,,Local:26:N7.DATA.
COMMENT,,Local:27:N7,"""RESET WORD 3 SET COMPRESSOR DATA TO ZERO  """,,Local:27:N7.DATA.
COMMENT,,Local:28:N7,"""RESET WORD 4 SET COMPRESSOR DATA TO ZERO  """,,Local:28:N7.DATA.
COMMENT,,Local:30:N7,"""COMPRESSOR 2 MINIMUM CAPACITY FROM PANELVIEW  """,,Local:30:N7.DATA.
COMMENT,,Local:31:N7,"""COMPRESSOR 3 MINIMUM CAPACITY FROM PANELVIEW  """,,Local:31:N7.DATA.
COMMENT,,Local:33:N7,"""COMPRESSOR 2 MINIMUM CAPACITY PERCENTAGE SETPOINT * 10 """,,Local:33:N7.DATA.
COMMENT,,Local:34:N7,"""COMPRESSOR 3 MINIMUM CAPACITY PERCENTAGE SETPOINT * 10 """,,Local:34:N7.DATA.
COMMENT,,Local:54:N7,"""LOW SUCTION PRESSURE CALIBRATED VALUE  """,,Local:54:N7.DATA.
COMMENT,,Local:55:N7,"""HIGH SUCTION PRESSURE CALIBRATED VALUE  """,,Local:55:N7.DATA.
COMMENT,,Local:56:N7,"""CALIBRATED DISCHARGE PRESSURE  """,,Local:56:N7.DATA.
COMMENT,,Local:60:N7,"""FREEZER CALIBRATED TEMP  """,,Local:60:N7.DATA.
COMMENT,,Local:61:N7,"""COOLER CALIBRATED TEMP  """,,Local:61:N7.DATA.
COMMENT,,Local:62:N7,"""DOCK CALIBRATED TEMP   """,,Local:62:N7.DATA.
COMMENT,,Local:63:N7,"""PALLETIZER CALIBRATED TEMP  """,,Local:63:N7.DATA.
COMMENT,,Local:70:N7,"""LOW SUCTION PRESSURE LOAD SETPOINT FROM PANELVIEW """,,Local:70:N7.DATA.
COMMENT,,Local:71:N7,"""HIGH STAGE LOAD SETPOINT FROM PANELVIEW  """,,Local:71:N7.DATA.
COMMENT,,Local:75:N7,"""LOW SUCTION PRESSURE UNLOAD SETPOINT FROM PANELVIEW """,,Local:75:N7.DATA.
COMMENT,,Local:76:N7,"""HIGH STAGE UNLOAD SETPOINT FROM PANELVIEW  """,,Local:76:N7.DATA.
COMMENT,,Local:80:N7,"""COMPRESSOR 2 LOW STAGE SEQUENCE ASSIGNMENT """,,Local:80:N7.DATA.
COMMENT,,Local:81:N7,"""COMPRESSOR 3 LOW STAGE SEQUENCE ASSIGNMENT """,,Local:81:N7.DATA.
COMMENT,,Local:84:N7,"""LOW STAGE SUCTION PRESSURE SEQUENCE STOP SETPOINT FROM PANELVIEW""",,Local:84:N7.DATA.
COMMENT,,Local:87:N7,"""LOW SUCTION PRESSURE START SETPOINT FROM PANELVIEW """,,Local:87:N7.DATA.
COMMENT,,Local:90:N7,"""COMPRESSOR 2 CAPACITY VALUE   """,,Local:90:N7.DATA.
COMMENT,,Local:91:N7,"""COMPRESSOR 3 CAPACITY VALUE   """,,Local:91:N7.DATA.
COMMENT,,Local:93:N7,"""COMPRESSOR 2 MINIMUM CAPACITY FROM PANELVIEW  """,,Local:93:N7.DATA.
COMMENT,,Local:94:N7,"""COMPRESSOR 3 MINIMUM CAPACITY FROM PANELVIEW  """,,Local:94:N7.DATA.
COMMENT,,Local:97:N7,"""CURRENT CONDENSER STEP  """,,Local:97:N7.DATA.
COMMENT,,Local:99:N7,"""CONDENSER LOAD PRESSURE   """,,Local:99:N7.DATA.
COMMENT,,Local:100:N7,"""CONDENSER UNLOAD PRESSURE   """,,Local:100:N7.DATA.
COMMENT,,Local:102:N7,"""CONDENSER PUMP #1 LOAD PRESSURE  """,,Local:102:N7.DATA.
COMMENT,,Local:103:N7,"""CONDENSER PUMP #1 UNLOAD PRESSURE  """,,Local:103:N7.DATA.
COMMENT,,Local:104:N7,"""CONDENSER PUMP #2 LOAD PRESSURE  """,,Local:104:N7.DATA.
COMMENT,,Local:105:N7,"""CONDENSER PUMP #2 UNLOAD PRESSURE  """,,Local:105:N7.DATA.
COMMENT,,Local:109:N7,"""CONDENSER PUMP #1 SELECTOR SWITCH POSITION TO PANELVIEW """,,Local:109:N7.DATA.
COMMENT,,Local:110:N7,"""CONDENSER PUMP #2 SELECTOR SWITCH POSITION TO PANELVIEW """,,Local:110:N7.DATA.
COMMENT,,Local:111:N7,"""CONDENSER FAN SELECTOR SWITCH POSITION TO PANELVIEW """,,Local:111:N7.DATA.
COMMENT,,Local:115:N7,"""CONDENSER FAN ON PRESSURE   """,,Local:115:N7.DATA.
COMMENT,,Local:116:N7,"""CONDENSER FAN OFF PRESSURE   """,,Local:116:N7.DATA.
COMMENT,,Local:120:N7,"""COMPRESSOR 1 % CAPACITY TO PANELVIEW  """,,Local:120:N7.DATA.
COMMENT,,Local:121:N7,"""COMPRESSOR 1 BSR MUST ALWAYS BE A 1  """,,Local:121:N7.DATA.
COMMENT,,Local:122:N7,"""COMPRESSOR 1 BSL MUST ALWAYS BE A O  """,,Local:122:N7.DATA.
COMMENT,,Local:124:N7,"""COMPRESSOR 1 SELECTOR SWITCH POSITION TO PANELVIEW """,,Local:124:N7.DATA.
COMMENT,,Local:125:N7,"""COMPRESSOR 2 SELECTOR SWITCH POSITION TO PANELVIEW """,,Local:125:N7.DATA.
COMMENT,,Local:126:N7,"""COMPRESSOR 3 SELECTOR SWITCH POSITION TO PANELVIEW """,,Local:126:N7.DATA.
COMMENT,,Local:130:N7,"""COMPRESSOR 2 LOAD STEP   """,,Local:130:N7.DATA.
COMMENT,,Local:131:N7,"""COMPRESSOR 2 UNLOAD STEP   """,,Local:131:N7.DATA.
COMMENT,,Local:132:N7,"""COMPRESSOR 3 LOAD STEP   """,,Local:132:N7.DATA.
COMMENT,,Local:133:N7,"""COMPRESSOR 3 UNLOAD STEP   """,,Local:133:N7.DATA.
COMMENT,,Local:135:N7,"""HIGH DISCHARGE PRESSURE LIMIT SHUTDOWN FROM PANELVIEW """,,Local:135:N7.DATA.
COMMENT,,Local:0:N11,"""COMPRESSOR 2 OPERATING MODE STATUS WORD  """,,Local:0:N11.DATA.
COMMENT,,Local:0:N11,"""COMPRESSOR 2 AUTO MODE STATUS BIT  """,,Local:0:N11.DATA.0
COMMENT,,Local:0:N11,"""COMPRESSOR 2 MANUAL MODE STATUS BIT  """,,Local:0:N11.DATA.1
COMMENT,,Local:0:N11,"""COMPRESSOR 2 COMPRESSOR ON STATUS BIT (1 = COMP ON) """,,Local:0:N11.DATA.2
COMMENT,,Local:0:N11,"""COMPRESSOR 2 REMOTE MODE STATUS BIT  """,,Local:0:N11.DATA.3
COMMENT,,Local:0:N11,"""COMPRESSOR 2 VISSION POWER UP DONE BIT  """,,Local:0:N11.DATA.4
COMMENT,,Local:0:N11,"""COMPRESSOR 2 CENTRAL COMPUTER MODE (1=CENTRAL) """,,Local:0:N11.DATA.5
COMMENT,,Local:0:N11,"""COMPRESSOR 2 ALARM ACTIVE STATUS BIT (1=ALARM) """,,Local:0:N11.DATA.6
COMMENT,,Local:0:N11,"""COMPRESSOR 2 TRIP ACTIVE STATUS BIT (1 = TRIP ACTIVE) """,,Local:0:N11.DATA.7
COMMENT,,Local:0:N11,"""COMPRESSOR 2 WAITING ON HOT START/ANTIRECYCL STATUS BIT (1 = WAITING)""",,Local:0:N11.DATA.10
COMMENT,,Local:1:N11,"""COMPRESSOR 2 WAITING ON SUCTION PRESSURE STATUS BIT (1=WAITING)""",,Local:1:N11.DATA.0
COMMENT,,Local:1:N11,"""COMPRESSOR 2 WAITING ON REMOTE COMMAND STATUS BIT (1=WAITING)""",,Local:1:N11.DATA.1
COMMENT,,Local:1:N11,"""COMPRESSOR 2 WAITING ON HOT START/ANTRECYCL STATUS BIT (1=WAITING)""",,Local:1:N11.DATA.2
COMMENT,,Local:1:N11,"""COMPRESSOR 2 WAITING ON PROCESS TEMP STATUS BIT (1=WAITING)""",,Local:1:N11.DATA.3
COMMENT,,Local:1:N11,"""COMPRESSOR 2 WAITING ON PERCENT CAPACITY STATUS BIT (1=WAITING)""",,Local:1:N11.DATA.4
COMMENT,,Local:1:N11,"""COMPRESSOR 2 WAITING ON PERCENT VOLUME STATUS BIT (1=WAITING)""",,Local:1:N11.DATA.5
COMMENT,,Local:1:N11,"""COMPRESSOR 2 WAITING ON START OIL PRESS. STATUS BIT (1=WAITING)""",,Local:1:N11.DATA.6
COMMENT,,Local:1:N11,"""COMPRESSOR 2 WAITING ON REMOTE ON/OFF INPUT STATUS BIT (1=WAITING)""",,Local:1:N11.DATA.7
COMMENT,,Local:4:N11,"""COMPRESSOR 2 FULL LOAD AMPS LOAD LIMIT STATUS BIT (1=LOAD LIMIT)""",,Local:4:N11.DATA.9
COMMENT,,Local:16:N11,"""COMPRESSOR 2 % CAPACITY STATUS WORD (VALUE * 10) """,,Local:16:N11.DATA.
COMMENT,,Local:17:N11,"""COMPRESSOR 2 % VOLUME   """,,Local:17:N11.DATA.
COMMENT,,Local:80:N11,"""COMPRESSOR 2 COMMAND 4 AUTO MODE PORT NUMBER DATA REGISTER""",,Local:80:N11.DATA.
COMMENT,,Local:90:N11,"""COMPRESSOR 2 COMMAND 5 STOP PORT NUMBER DATA REGISTER""",,Local:90:N11.DATA.
COMMENT,,Local:100:N11,"""COMPRESSOR 2 COMMAND 6 CENTRAL MODE PORT NUMBER DATA REGISTER""",,Local:100:N11.DATA.
COMMENT,,Local:110:N11,"""COMPRESSOR 2 COMMAND 7 LOCAL MODE PORT NUMBER DATA REGISTER""",,Local:110:N11.DATA.
COMMENT,,Local:120:N11,"""COMPRESSOR 2 COMMAND 8 CAP. HOLD PORT NUMBER DATA REGISTER""",,Local:120:N11.DATA.
COMMENT,,Local:130:N11,"""COMPRESSOR 2 COMMAND 9 ALARM ACK PORT NUMBER DATA REGISTER""",,Local:130:N11.DATA.
COMMENT,,Local:150:N11,"""COMPRESSOR 2 RESERVED FOR FUTURE EXPANSION DATA REGISTER """,,Local:150:N11.DATA.
COMMENT,,Local:200:N11,"""COMPRESSOR 2 COMMAND RESPONSE FLTR. OUT/MAN. PR. LSB WORD DATA REGISTER""",,Local:200:N11.DATA.
COMMENT,,Local:205:N11,"""COMPRESSOR 2 CMD RESPONSE % CAPACITY MSB WORD DATA REGISTER""",,Local:205:N11.DATA.
COMMENT,,Local:207:N11,"""COMPRESSOR 2 CMD RESPONSE % VOLUME MSB WORD DATA REGISTER""",,Local:207:N11.DATA.
COMMENT,,Local:0:N12,"""COMPRESSOR 3 OPERATING MODE STATUS WORD  """,,Local:0:N12.DATA.
COMMENT,,Local:0:N12,"""COMPRESSOR 3 AUTO MODE STATUS BIT  """,,Local:0:N12.DATA.0
COMMENT,,Local:0:N12,"""COMPRESSOR 3 MANUAL MODE STATUS BIT  """,,Local:0:N12.DATA.1
COMMENT,,Local:0:N12,"""COMPRESSOR 3 COMPRESSOR ON STATUS BIT (1 = COMP ON) """,,Local:0:N12.DATA.2
COMMENT,,Local:0:N12,"""COMPRESSOR 3 REMOTE MODE STATUS BIT  """,,Local:0:N12.DATA.3
COMMENT,,Local:0:N12,"""COMPRESSOR 3 VISSION POWERUP DONE BIT  """,,Local:0:N12.DATA.4
COMMENT,,Local:0:N12,"""COMPRESSOR 3 CENTRAL COMPUTER MODE STATUS BIT (1=CENTRAL) """,,Local:0:N12.DATA.5
COMMENT,,Local:0:N12,"""COMPRESSOR 3 ALARM ACTIVE STATUS BIT (1=ALARM) """,,Local:0:N12.DATA.6
COMMENT,,Local:0:N12,"""COMPRESSOR 3 TRIP ACTIVE STATUS BIT (1 = TRIP ACTIVE) """,,Local:0:N12.DATA.7
COMMENT,,Local:0:N12,"""COMPRESSOR 3 WAITING ON HOT STARTS/ANTIRECYC STATUS BIT (1 = WAITING)""",,Local:0:N12.DATA.10
COMMENT,,Local:1:N12,"""COMPRESSOR 3 WAITING ON SUCTION PRESS. STATUS BIT (1=WAITING)""",,Local:1:N12.DATA.0
COMMENT,,Local:1:N12,"""COMPRESSOR 3 WAITING ON REMOTE COMMAND STATUS BIT (1=WAITING)""",,Local:1:N12.DATA.1
COMMENT,,Local:1:N12,"""COMPRESSOR 3 WAITING ON HOT STARTS/ANTIRECYC STATUS BIT (1=WAITING)""",,Local:1:N12.DATA.2
COMMENT,,Local:1:N12,"""COMPRESSOR 3 WAITING ON PROCESS TEMP STATUS BIT (1=WAITING)""",,Local:1:N12.DATA.3
COMMENT,,Local:1:N12,"""COMPRESSOR 3 WAITING ON PERCENT CAPACITY STATUS BIT (1=WAITING)""",,Local:1:N12.DATA.4
COMMENT,,Local:1:N12,"""COMPRESSOR 3 WAITING ON PERCENT VOLUME STATUS BIT (1=WAITING)""",,Local:1:N12.DATA.5
COMMENT,,Local:1:N12,"""COMPRESSOR 3 WAITING ON START OIL PRESS. STATUS BIT (1=WAITING)""",,Local:1:N12.DATA.6
COMMENT,,Local:1:N12,"""COMPRESSOR 3 WAITING ON REMOTE ON/OFF INPUT STATUS BIT (1=WAITING)""",,Local:1:N12.DATA.7
COMMENT,,Local:4:N12,"""COMPRESSOR 3 FULL LOAD AMPS LOAD LIMIT STATUS BIT (1=LOAD LIMIT)""",,Local:4:N12.DATA.9
COMMENT,,Local:16:N12,"""COMPRESSOR 3 % CAPACITY STATUS WORD (VALUE* 10) """,,Local:16:N12.DATA.
COMMENT,,Local:17:N12,"""COMPRESSOR 3 % VOLUME   """,,Local:17:N12.DATA.
COMMENT,,Local:80:N12,"""COMPRESSOR 3 COMMAND 4 AUTO MODE PORT NUMBER DATA REGISTER""",,Local:80:N12.DATA.
COMMENT,,Local:90:N12,"""COMPRESSOR 3 COMMAND 5 STOP PORT NUMBER DATA REGISTER""",,Local:90:N12.DATA.
COMMENT,,Local:100:N12,"""COMPRESSOR 3 COMMAND 6 CENTRAL MODE PORT NUMBER DATA REGISTER""",,Local:100:N12.DATA.
COMMENT,,Local:110:N12,"""COMPRESSOR 3 COMMAND 7 LOCAL MODE PORT NUMBER DATA REGISTER""",,Local:110:N12.DATA.
COMMENT,,Local:120:N12,"""COMPRESSOR 3 COMMAND 8 CAP. HOLD PORT NUMBER DATA REGISTER""",,Local:120:N12.DATA.
COMMENT,,Local:130:N12,"""COMPRESSOR 3 COMMAND 9 ALARM ACK PORT NUMBER DATA REGISTER""",,Local:130:N12.DATA.
COMMENT,,Local:150:N12,"""COMPRESSOR 3 RESERVED FOR FUTURE EXPANSION DATA REGISTER """,,Local:150:N12.DATA.
COMMENT,,Local:200:N12,"""COMPRESSOR 3 COMMAND RESPONSE FLT. OUT/MAN. PR LSB WORD DATA REGISTER""",,Local:200:N12.DATA.
COMMENT,,Local:205:N12,"""COMPRESSOR 3 CMD RESPONSE % CAPACITY MSB WORD DATA REGISTER""",,Local:205:N12.DATA.
COMMENT,,Local:207:N12,"""COMPRESSOR 3 CMD RESPONSE % VOLUME MSB WORD DATA REGISTER""",,Local:207:N12.DATA.
COMMENT,,Local:0:N15,"""FREEZER #1 DEFROST HR1   """,,Local:0:N15.DATA.
COMMENT,,Local:1:N15,"""FREEZER #1 DEFROST MIN1   """,,Local:1:N15.DATA.
COMMENT,,Local:2:N15,"""FREEZER #1 DEFROST HR 2   """,,Local:2:N15.DATA.
COMMENT,,Local:3:N15,"""FREEZER #1 DEFROST MIN 2   """,,Local:3:N15.DATA.
COMMENT,,Local:4:N15,"""FREEZER #1 DEFROST HR 3   """,,Local:4:N15.DATA.
COMMENT,,Local:5:N15,"""FREEZER #1 DEFROST MIN 3   """,,Local:5:N15.DATA.
COMMENT,,Local:6:N15,"""FREEZER #1 DEFROST HR 4   """,,Local:6:N15.DATA.
COMMENT,,Local:7:N15,"""FREEZER #1 DEFROST MIN 4   """,,Local:7:N15.DATA.
COMMENT,,Local:8:N15,"""FREEZER #1 DEFROST HR 5   """,,Local:8:N15.DATA.
COMMENT,,Local:9:N15,"""FREEZER #1 DEFROST MIN 5   """,,Local:9:N15.DATA.
COMMENT,,Local:10:N15,"""FREEZER #1 DEFROST HR 6   """,,Local:10:N15.DATA.
COMMENT,,Local:11:N15,"""FREEZER #1 DEFROST MIN 6   """,,Local:11:N15.DATA.
COMMENT,,Local:13:N15,"""FREEZER #1 PUMPOUT FROM PANELVIEW  """,,Local:13:N15.DATA.
COMMENT,,Local:14:N15,"""FREEZER #1 HOT GAS FROM PANELVIEW  """,,Local:14:N15.DATA.
COMMENT,,Local:15:N15,"""FREEZER #1 RELIEF FROM PANELVIEW  """,,Local:15:N15.DATA.
COMMENT,,Local:16:N15,"""FREEZER #1 FAN DELAY FROM PANELVIEW  """,,Local:16:N15.DATA.
COMMENT,,Local:17:N15,"""FREEZER #1 PU + HG   """,,Local:17:N15.DATA.
COMMENT,,Local:18:N15,"""FREEZER #1 PU + HG + RELIEF   """,,Local:18:N15.DATA.
COMMENT,,Local:20:N15,"""FREEZER #2 DEFROST HR 1   """,,Local:20:N15.DATA.
COMMENT,,Local:21:N15,"""FREEZER #2 DEFROST MIN 1   """,,Local:21:N15.DATA.
COMMENT,,Local:22:N15,"""FREEZER #2 DEFROST HR 2   """,,Local:22:N15.DATA.
COMMENT,,Local:23:N15,"""FREEZER #2 DEFROST MIN 2   """,,Local:23:N15.DATA.
COMMENT,,Local:24:N15,"""FREEZER #2 DEFROST HR 3   """,,Local:24:N15.DATA.
COMMENT,,Local:25:N15,"""FREEZER #2 DEFROST MIN 3   """,,Local:25:N15.DATA.
COMMENT,,Local:26:N15,"""FREEZER #2 DEFROST HR 4   """,,Local:26:N15.DATA.
COMMENT,,Local:27:N15,"""FREEZER #2 DEFROST MIN 4   """,,Local:27:N15.DATA.
COMMENT,,Local:28:N15,"""FREEZER #2 DEFROST HR 5   """,,Local:28:N15.DATA.
COMMENT,,Local:29:N15,"""FREEZER #2 DEFROST MIN 5   """,,Local:29:N15.DATA.
COMMENT,,Local:30:N15,"""FREEZER #2 DEFROST HR 6   """,,Local:30:N15.DATA.
COMMENT,,Local:31:N15,"""FREEZER #2 DEFROST MIN 6   """,,Local:31:N15.DATA.
COMMENT,,Local:33:N15,"""FREEZER #2 PUMPOUT FROM PANELVIEW  """,,Local:33:N15.DATA.
COMMENT,,Local:34:N15,"""FREEZER #2 HOT GAS FROM PANELVIEW  """,,Local:34:N15.DATA.
COMMENT,,Local:35:N15,"""FREEZER #2 RELIEF FROM PANELVIEW  """,,Local:35:N15.DATA.
COMMENT,,Local:36:N15,"""FREEZER #2 FAN DELAY FROM PANELVIEW  """,,Local:36:N15.DATA.
COMMENT,,Local:37:N15,"""FREEZER #2 PU + HG   """,,Local:37:N15.DATA.
COMMENT,,Local:38:N15,"""FREEZER #2 PU + HG + RELIEF   """,,Local:38:N15.DATA.
COMMENT,,Local:40:N15,"""FREEZER #3 DEFROST HR 1   """,,Local:40:N15.DATA.
COMMENT,,Local:41:N15,"""FREEZER #3 DEFROST MIN 1   """,,Local:41:N15.DATA.
COMMENT,,Local:42:N15,"""FREEZER #3 DEFROST HR 2   """,,Local:42:N15.DATA.
COMMENT,,Local:43:N15,"""FREEZER #3 DEFROST MIN 2   """,,Local:43:N15.DATA.
COMMENT,,Local:44:N15,"""FREEZER #3 DEFROST HR 3   """,,Local:44:N15.DATA.
COMMENT,,Local:45:N15,"""FREEZER #3 DEFROST MIN 3   """,,Local:45:N15.DATA.
COMMENT,,Local:46:N15,"""FREEZER #3 DEFROST HR 4   """,,Local:46:N15.DATA.
COMMENT,,Local:47:N15,"""FREEZER #3 DEFROST MIN 4   """,,Local:47:N15.DATA.
COMMENT,,Local:48:N15,"""FREEZER #3 DEFROST HR 5   """,,Local:48:N15.DATA.
COMMENT,,Local:49:N15,"""FREEZER #3 DEFROST MIN 5   """,,Local:49:N15.DATA.
COMMENT,,Local:50:N15,"""FREEZER #3 DEFROST HR 6   """,,Local:50:N15.DATA.
COMMENT,,Local:51:N15,"""FREEZER #3 DEFROST MIN 6   """,,Local:51:N15.DATA.
COMMENT,,Local:53:N15,"""FREEZER #3 PUMPOUT FROM PANELVIEW  """,,Local:53:N15.DATA.
COMMENT,,Local:54:N15,"""FREEZER #3 HOT GAS FROM PANELVIEW  """,,Local:54:N15.DATA.
COMMENT,,Local:55:N15,"""FREEZER #3 RELIEF FROM PANELVIEW  """,,Local:55:N15.DATA.
COMMENT,,Local:56:N15,"""FREEZER #3 FAN DELAY FROM PANELVIEW  """,,Local:56:N15.DATA.
COMMENT,,Local:57:N15,"""FREEZER #3 PU + HG   """,,Local:57:N15.DATA.
COMMENT,,Local:58:N15,"""FREEZER #3 PU + HG + RELIEF   """,,Local:58:N15.DATA.
COMMENT,,Local:60:N15,"""FREEZER #4 DEFROST HR 1   """,,Local:60:N15.DATA.
COMMENT,,Local:61:N15,"""FREEZER #4 DEFROST MIN 1   """,,Local:61:N15.DATA.
COMMENT,,Local:62:N15,"""FREEZER #4 DEFROST HR 2   """,,Local:62:N15.DATA.
COMMENT,,Local:63:N15,"""FREEZER #4 DEFROST MIN 2   """,,Local:63:N15.DATA.
COMMENT,,Local:64:N15,"""FREEZER #4 DEFROST HR 3   """,,Local:64:N15.DATA.
COMMENT,,Local:65:N15,"""FREEZER #4 DEFROST MIN 3   """,,Local:65:N15.DATA.
COMMENT,,Local:66:N15,"""FREEZER #4 DEFROST HR 4   """,,Local:66:N15.DATA.
COMMENT,,Local:67:N15,"""FREEZER #4 DEFROST MIN 4   """,,Local:67:N15.DATA.
COMMENT,,Local:68:N15,"""FREEZER #4 DEFROST HR 5   """,,Local:68:N15.DATA.
COMMENT,,Local:69:N15,"""FREEZER #4 DEFROST MIN 5   """,,Local:69:N15.DATA.
COMMENT,,Local:70:N15,"""FREEZER #4 DEFROST HR 6   """,,Local:70:N15.DATA.
COMMENT,,Local:71:N15,"""FREEZER #4 DEFROST MIN 6   """,,Local:71:N15.DATA.
COMMENT,,Local:73:N15,"""FREEZER #4 PUMPOUT FROM PANELVIEW  """,,Local:73:N15.DATA.
COMMENT,,Local:74:N15,"""FREEZER #4 HOT GAS FROM PANELVIEW  """,,Local:74:N15.DATA.
COMMENT,,Local:75:N15,"""FREEZER #4 RELIEF FROM PANELVIEW  """,,Local:75:N15.DATA.
COMMENT,,Local:76:N15,"""FREEZER #4 FAN DELAY FROM PANELVIEW  """,,Local:76:N15.DATA.
COMMENT,,Local:77:N15,"""FREEZER #4 PU + HG   """,,Local:77:N15.DATA.
COMMENT,,Local:78:N15,"""FREEZER #4 PU + HG + RELIEF   """,,Local:78:N15.DATA.
COMMENT,,Local:80:N15,"""COOLER DEFROST HR 1   """,,Local:80:N15.DATA.
COMMENT,,Local:81:N15,"""COOLER DEFROST MIN 1   """,,Local:81:N15.DATA.
COMMENT,,Local:82:N15,"""COOLER DEFROST HR 2   """,,Local:82:N15.DATA.
COMMENT,,Local:83:N15,"""COOLER DEFROST MIN 2   """,,Local:83:N15.DATA.
COMMENT,,Local:84:N15,"""COOLER DEFROST HR 3   """,,Local:84:N15.DATA.
COMMENT,,Local:85:N15,"""COOLER DEFROST MIN 3   """,,Local:85:N15.DATA.
COMMENT,,Local:86:N15,"""COOLER DEFROST HR 4   """,,Local:86:N15.DATA.
COMMENT,,Local:87:N15,"""COOLER DEFROST MIN 4   """,,Local:87:N15.DATA.
COMMENT,,Local:88:N15,"""COOLER DEFROST HR 5   """,,Local:88:N15.DATA.
COMMENT,,Local:89:N15,"""COOLER DEFROST MIN 5   """,,Local:89:N15.DATA.
COMMENT,,Local:90:N15,"""COOLER DEFROST HR 6   """,,Local:90:N15.DATA.
COMMENT,,Local:91:N15,"""COOLER DEFROST MIN 6   """,,Local:91:N15.DATA.
COMMENT,,Local:93:N15,"""COOLER PUMPOUT FROM PANELVIEW  """,,Local:93:N15.DATA.
COMMENT,,Local:94:N15,"""COOLER HOT GAS FROM PANELVIEW  """,,Local:94:N15.DATA.
COMMENT,,Local:95:N15,"""COOLER FAN DELAY FROM PANELVIEW  """,,Local:95:N15.DATA.
COMMENT,,Local:96:N15,"""COOLER PU + HG   """,,Local:96:N15.DATA.
COMMENT,,Local:98:N15,"""PALLETIZER DEFROST HR 1   """,,Local:98:N15.DATA.
COMMENT,,Local:99:N15,"""PALLETIZER DEFROST MIN 1   """,,Local:99:N15.DATA.
COMMENT,,Local:100:N15,"""PALLETIZER DEFROST HR 2   """,,Local:100:N15.DATA.
COMMENT,,Local:101:N15,"""PALLETIZER DEFROST MIN 2   """,,Local:101:N15.DATA.
COMMENT,,Local:102:N15,"""PALLETIZER DEFROST HR 3   """,,Local:102:N15.DATA.
COMMENT,,Local:103:N15,"""PALLETIZER DEFROST MIN 3   """,,Local:103:N15.DATA.
COMMENT,,Local:104:N15,"""PALLETIZER DEFROST HR 4   """,,Local:104:N15.DATA.
COMMENT,,Local:105:N15,"""PALLETIZER DEFROST MIN 4   """,,Local:105:N15.DATA.
COMMENT,,Local:106:N15,"""PALLETIZER DEFROST HR 5   """,,Local:106:N15.DATA.
COMMENT,,Local:107:N15,"""PALLETIZER DEFROST MIN 5   """,,Local:107:N15.DATA.
COMMENT,,Local:108:N15,"""PALLETIZER DEFROST HR 6   """,,Local:108:N15.DATA.
COMMENT,,Local:109:N15,"""PALLETIZER DEFROST MIN 6   """,,Local:109:N15.DATA.
COMMENT,,Local:111:N15,"""COOLER PUMPOUT FROM PANELVIEW  """,,Local:111:N15.DATA.
COMMENT,,Local:112:N15,"""PALLETIZER HOT GAS FROM PANELVIEW  """,,Local:112:N15.DATA.
COMMENT,,Local:113:N15,"""PALLETIZER FAN DELAY FROM PANELVIEW  """,,Local:113:N15.DATA.
COMMENT,,Local:114:N15,"""PALLETIZER PU + HG   """,,Local:114:N15.DATA.
COMMENT,,Local:117:N15,"""FREEZER #1 LIQUID ON TEMP   """,,Local:117:N15.DATA.
COMMENT,,Local:118:N15,"""FREEZER #1 LIQUID OFF TEMP   """,,Local:118:N15.DATA.
COMMENT,,Local:119:N15,"""FREEZER #2 LIQUID ON TEMP   """,,Local:119:N15.DATA.
COMMENT,,Local:120:N15,"""FREEZER #2 LIQUID OFF TEMP   """,,Local:120:N15.DATA.
COMMENT,,Local:121:N15,"""FREEZER #3 LIQUID ON TEMP   """,,Local:121:N15.DATA.
COMMENT,,Local:122:N15,"""FREEZER #3 LIQUID OFF TEMP   """,,Local:122:N15.DATA.
COMMENT,,Local:123:N15,"""FREEZER #4 LIQUID ON TEMP   """,,Local:123:N15.DATA.
COMMENT,,Local:124:N15,"""FREEZER #4 LIQUID OFF TEMP   """,,Local:124:N15.DATA.
COMMENT,,Local:125:N15,"""DOCK #1 LIQUID ON TEMP   """,,Local:125:N15.DATA.
COMMENT,,Local:126:N15,"""DOCK #1 LIQUID OFF TEMP   """,,Local:126:N15.DATA.
COMMENT,,Local:127:N15,"""DOCK #2 LIQUID ON TEMP   """,,Local:127:N15.DATA.
COMMENT,,Local:128:N15,"""DOCK #2 LIQUID OFF TEMP   """,,Local:128:N15.DATA.
COMMENT,,Local:129:N15,"""DOCK #3 LIQUID ON TEMP   """,,Local:129:N15.DATA.
COMMENT,,Local:130:N15,"""DOCK #3 LIQUID OFF TEMP   """,,Local:130:N15.DATA.
COMMENT,,Local:131:N15,"""COOLER LIQUID ON TEMP   """,,Local:131:N15.DATA.
COMMENT,,Local:132:N15,"""COOLER LIQUID OFF TEMP   """,,Local:132:N15.DATA.
COMMENT,,Local:133:N15,"""PALLETIZER LIQUID ON TEMP   """,,Local:133:N15.DATA.
COMMENT,,Local:134:N15,"""PALLETIZER LIQUID OFF TEMP   """,,Local:134:N15.DATA.
COMMENT,,Local:137:N15,"""FREEZER #1 OPERATION TO PANELVIEW  """,,Local:137:N15.DATA.
COMMENT,,Local:138:N15,"""FREEZER #2 OPERATION TO PANELVIEW  """,,Local:138:N15.DATA.
COMMENT,,Local:139:N15,"""FREEZER #3 OPERATION TO PANELVIEW  """,,Local:139:N15.DATA.
COMMENT,,Local:140:N15,"""FREEZER #4 OPERATION TO PANELVIEW  """,,Local:140:N15.DATA.
COMMENT,,Local:141:N15,"""COOLER OPERATION TO PANELVIEW  """,,Local:141:N15.DATA.
COMMENT,,Local:142:N15,"""PALLETIZER OPERATION TO PANELVIEW  """,,Local:142:N15.DATA.
COMMENT,,Local:144:N15,"""FREEZER #1 SELECTOR SWITCH POSITION TO PANELVIEW """,,Local:144:N15.DATA.
COMMENT,,Local:145:N15,"""FREEZER #2 SELECTOR SWITCH POSITION TO PANELVIEW """,,Local:145:N15.DATA.
COMMENT,,Local:146:N15,"""FREEZER #3 SELECTOR SWITCH POSITION TO PANELVIEW """,,Local:146:N15.DATA.
COMMENT,,Local:147:N15,"""FREEZER #4 SELECTOR SWITCH POSITION TO PANELVIEW """,,Local:147:N15.DATA.
COMMENT,,Local:148:N15,"""DOCK #1 SELECTOR SWITCH POSITION TO PANELVIEW """,,Local:148:N15.DATA.
COMMENT,,Local:149:N15,"""DOCK #2 SELECTOR SWITCH POSITION TO PANELVIEW """,,Local:149:N15.DATA.
COMMENT,,Local:150:N15,"""DOCK #3 SELECTOR SWITCH POSITION TO PANELVIEW """,,Local:150:N15.DATA.
COMMENT,,Local:151:N15,"""COOLER SELECTOR SWITCH POSITION TO PANELVIEW """,,Local:151:N15.DATA.
COMMENT,,Local:152:N15,"""PALLETIZER SELECTOR SWITCH POSITION TO PANELVIEW """,,Local:152:N15.DATA.
COMMENT,,Local:154:N15,"""DOCK #1 OPERATION TO PANELVIEW  """,,Local:154:N15.DATA.
COMMENT,,Local:155:N15,"""DOCK #2 OPERATION TO PANELVIEW  """,,Local:155:N15.DATA.
COMMENT,,Local:156:N15,"""DOCK #3 OPERATION TO PANELVIEW  """,,Local:156:N15.DATA.
COMMENT,,Local:10:N20,"""AU-1A LIQUID ON TEMP   """,,Local:10:N20.DATA.
COMMENT,,Local:11:N20,"""AU-1A LIQUID OFF TEMP   """,,Local:11:N20.DATA.
COMMENT,,Local:12:N20,"""AU-1A PUMPOUT LENGTH   """,,Local:12:N20.DATA.
COMMENT,,Local:13:N20,"""AU-1A HOT GAS LENGTH   """,,Local:13:N20.DATA.
COMMENT,,Local:14:N20,"""AU-1A RELIEF LENGTH   """,,Local:14:N20.DATA.
COMMENT,,Local:15:N20,"""AU-1A FAN DELAY LENGTH   """,,Local:15:N20.DATA.
COMMENT,,Local:17:N20,"""AU-1A PU+HG   """,,Local:17:N20.DATA.
COMMENT,,Local:18:N20,"""AU-1A PU+HG+RLF   """,,Local:18:N20.DATA.
COMMENT,,Local:70:N25,"""SLOT 1 MODBUS MODULE PORT 1 COMMAND LIST END OF POLL STATUS BIT""",,Local:70:N25.DATA.0
COMMENT,,Local:71:N25,"""COMPRESSOR #2 COMMAND #1 READ STATUS COMMAND ERROR STATUS WORD 0 = NO ERRORS""",,Local:71:N25.DATA.
COMMENT,,Local:72:N25,"""COMPRESSOR #2 COMMAND #2 READ VALUES1 COMMAND ERROR STATUS WORD 0 = NO ERRORS""",,Local:72:N25.DATA.
COMMENT,,Local:73:N25,"""COMPRESSOR #2 COMMAND #3 READ VALUES2 COMMAND ERROR STATUS WORD 0 = NO ERRORS""",,Local:73:N25.DATA.
COMMENT,,Local:74:N25,"""COMPRESSOR #2 COMMAND #4 AUTO MODE COMMAND ERROR STATUS WORD 0 = NO ERRORS""",,Local:74:N25.DATA.
COMMENT,,Local:75:N25,"""COMPRESSOR #2 COMMAND #5 STOP COMMAND ERROR STATUS WORD 0 = NO ERRORS""",,Local:75:N25.DATA.
COMMENT,,Local:76:N25,"""COMPRESSOR #2 COMMAND #6 CENTRAL MODE COMMAND ERROR STATUS WORD 0 = NO ERRORS""",,Local:76:N25.DATA.
COMMENT,,Local:77:N25,"""COMPRESSOR #2 COMMAND #7 LOCAL MODE COMMAND ERROR STATUS WORD 0 = NO ERRORS""",,Local:77:N25.DATA.
COMMENT,,Local:78:N25,"""COMPRESSOR #2 COMMAND #8 CAPACITY COMMAND ERROR STATUS WORD 0 = NO ERRORS""",,Local:78:N25.DATA.
COMMENT,,Local:79:N25,"""COMPRESSOR #2 COMMAND #9 ALARM RESET COMMAND ERROR STATUS WORD 0 = NO ERRORS""",,Local:79:N25.DATA.
COMMENT,,Local:80:N25,"""COMPRESSOR #2 COMMAND #10 FUTURE COMMAND ERROR STATUS WORD 0 = NO ERRORS""",,Local:80:N25.DATA.
COMMENT,,Local:81:N25,"""COMPRESSOR #3 COMMAND #1 READ STATUS COMMAND ERROR STATUS WORD 0 = NO ERRORS""",,Local:81:N25.DATA.
COMMENT,,Local:82:N25,"""COMPRESSOR #3 COMMAND #2 READ VALUE1 COMMAND ERROR STATUS WORD 0 = NO ERRORS""",,Local:82:N25.DATA.
COMMENT,,Local:83:N25,"""COMPRESSOR #3 COMMAND #3 READ VALUE2 COMMAND ERROR STATUS WORD 0 = NO ERRORS""",,Local:83:N25.DATA.
COMMENT,,Local:84:N25,"""COMPRESSOR #3 COMMAND #4 AUTO MODE COMMAND ERROR STATUS WORD 0 = NO ERRORS""",,Local:84:N25.DATA.
COMMENT,,Local:85:N25,"""COMPRESSOR #3 COMMAND #5 STOP COMMAND ERROR STATUS WORD 0 = NO ERRORS""",,Local:85:N25.DATA.
COMMENT,,Local:86:N25,"""COMPRESSOR #3 COMMAND #6 CENTRAL MODE COMMAND ERROR STATUS WORD 0 = NO ERRORS""",,Local:86:N25.DATA.
COMMENT,,Local:87:N25,"""COMPRESSOR #3 COMMAND #7 LOCAL MODE COMMAND ERROR STATUS WORD 0 = NO ERRORS""",,Local:87:N25.DATA.
COMMENT,,Local:88:N25,"""COMPRESSOR #3 COMMAND #8 CAPACITY COMMAND ERROR STATUS WORD 0 = NO ERRORS""",,Local:88:N25.DATA.
COMMENT,,Local:89:N25,"""COMPRESSOR #3 COMMAND #9 ALARM RESET COMMAND ERROR STATUS WORD 0 = NO ERRORS""",,Local:89:N25.DATA.
COMMENT,,Local:90:N25,"""COMPRESSOR #3 COMMAND #10 FUTURE COMMAND ERROR STATUS WORD 0 = NO ERRORS""",,Local:90:N25.DATA.
COMMENT,,Local:0:N26,"""    """,,Local:0:N26.DATA.
COMMENT,,Local:1:N26,"""    """,,Local:1:N26.DATA.
COMMENT,,Local:1:N26,"""COMPRESSOR 2 STOP COMMAND ENABLE BIT (1 = STOP) """,,Local:1:N26.DATA.0
COMMENT,,Local:1:N26,"""COMPRESSOR 2 AUTO MODE ENABLE BIT (1 = AUTO) """,,Local:1:N26.DATA.1
COMMENT,,Local:1:N26,"""COMPRESSOR 2 CENTRAL MODE ENABLE BIT (1 = CENTRAL) """,,Local:1:N26.DATA.4
COMMENT,,Local:1:N26,"""COMPRESSOR 2 LOCAL MODE ENABLE BIT (1 = LOCAL) """,,Local:1:N26.DATA.5
COMMENT,,Local:2:N26,"""    """,,Local:2:N26.DATA.
COMMENT,,Local:2:N26,"""COMPRESSOR 3 STOP COMMAND ENABLE BIT (1 = STOP) """,,Local:2:N26.DATA.0
COMMENT,,Local:2:N26,"""COMPRESSOR 3 AUTO MODE ENABLE BIT (1 = AUTO) """,,Local:2:N26.DATA.1
COMMENT,,Local:2:N26,"""COMPRESSOR 3 CENTRAL MODE ENABLE BIT (1 = CENTRAL) """,,Local:2:N26.DATA.4
COMMENT,,Local:2:N26,"""COMPRESSOR 3 LOCAL MODE ENABLE BIT (1 = LOCAL) """,,Local:2:N26.DATA.5
COMMENT,,Local:3:N26,"""    """,,Local:3:N26.DATA.
COMMENT,,Local:4:N26,"""    """,,Local:4:N26.DATA.
COMMENT,,Local:5:N26,"""    """,,Local:5:N26.DATA.
COMMENT,,Local:6:N26,"""    """,,Local:6:N26.DATA.
COMMENT,,Local:7:N26,"""    """,,Local:7:N26.DATA.
COMMENT,,Local:8:N26,"""    """,,Local:8:N26.DATA.
COMMENT,,Local:9:N26,"""    """,,Local:9:N26.DATA.
COMMENT,,Local:10:N26,"""    """,,Local:10:N26.DATA.
COMMENT,,Local:11:N26,"""    """,,Local:11:N26.DATA.
COMMENT,,Local:1:O,"""MODBUS MODULE REGISTER TRANSFER DONE BIT  """,,Local:1:O.DATA.0
COMMENT,,Local:6:O,"""COMPRESSOR #1 START RELAY   """,,Local:6:O.DATA.0
COMMENT,,Local:6:O,"""COMPRESSOR #1 66% UNLOADING   """,,Local:6:O.DATA.1
COMMENT,,Local:6:O,"""COMPRESSOR #1 33% UNLOADING   """,,Local:6:O.DATA.2
COMMENT,,Local:6:O,"""COMPRESSOR 2 REMOTE MODE START/STOP SIGNAL """,,Local:6:O.DATA.3
COMMENT,,Local:6:O,"""COMPRESSOR 3 REMOTE MODE START/STOP SIGNAL """,,Local:6:O.DATA.4
COMMENT,,Local:6:O,"""    """,,Local:6:O.DATA.5
COMMENT,,Local:6:O,"""CONDENSER PUMP #1 ON SIGNAL  """,,Local:6:O.DATA.6
COMMENT,,Local:6:O,"""CONDENSER PUMP #2 ON SIGNAL  """,,Local:6:O.DATA.7
COMMENT,,Local:6:O,"""CONDENSER FAN ON SIGNAL  """,,Local:6:O.DATA.8
COMMENT,,Local:6:O,"""FREEZER #1 FAN OUTPUT   """,,Local:6:O.DATA.9
COMMENT,,Local:6:O,"""FREEZER #1 LIQUID SOLENOID   """,,Local:6:O.DATA.10
COMMENT,,Local:6:O,"""FREEZER #1 HOT GAS SOLENOID  """,,Local:6:O.DATA.11
COMMENT,,Local:6:O,"""FREEZER #1 HOT GAS PILOT SOLENOID  """,,Local:6:O.DATA.12
COMMENT,,Local:6:O,"""FREEZER #1 BLOWDOWN SOLENOID  """,,Local:6:O.DATA.13
COMMENT,,Local:6:O,"""FREEZER #1 FAN OUTPUT   """,,Local:6:O.DATA.14
COMMENT,,Local:6:O,"""FREEZER #2 LIQUID SOLENOID   """,,Local:6:O.DATA.15
COMMENT,,Local:7:O,"""FREEZER #2 HOT GAS SOLENOID   """,,Local:7:O.DATA.0
COMMENT,,Local:7:O,"""FREEZER #2 HOT GAS PILOT SOLENOID  """,,Local:7:O.DATA.1
COMMENT,,Local:7:O,"""FREEZER #2 BLOWDOWN SOLENOID   """,,Local:7:O.DATA.2
COMMENT,,Local:7:O,"""FREEZER #3 FAN OUTPUT   """,,Local:7:O.DATA.3
COMMENT,,Local:7:O,"""FREEZER #3 LIQUID SOLENOID   """,,Local:7:O.DATA.4
COMMENT,,Local:7:O,"""FREEZER #3 HOT GAS SOLENOID   """,,Local:7:O.DATA.5
COMMENT,,Local:7:O,"""FREEZER #3 HOT GAS PILOT SOLENOID  """,,Local:7:O.DATA.6
COMMENT,,Local:7:O,"""FREEZER #3 BLOWDOWN SOLENOID  """,,Local:7:O.DATA.7
COMMENT,,Local:7:O,"""FREEZER #4 FAN ON   """,,Local:7:O.DATA.8
COMMENT,,Local:7:O,"""FREEZER #4 LIQUID SOLENOID   """,,Local:7:O.DATA.9
COMMENT,,Local:7:O,"""FREEZER #4 HOT GAS SOLENOID   """,,Local:7:O.DATA.10
COMMENT,,Local:7:O,"""FREEZER #4 HOT GAS PILOT SOLENOID  """,,Local:7:O.DATA.11
COMMENT,,Local:7:O,"""FREEZER #4 BLOWDOWN SOLENOID  """,,Local:7:O.DATA.12
COMMENT,,Local:8:O,"""DOCK #1 FAN ON   """,,Local:8:O.DATA.7
COMMENT,,Local:8:O,"""DOCK #1 LIQUID SOLENOID   """,,Local:8:O.DATA.8
COMMENT,,Local:8:O,"""DOCK #2 FAN ON   """,,Local:8:O.DATA.10
COMMENT,,Local:8:O,"""DOCK #2 LIQUID SOLENOID   """,,Local:8:O.DATA.11
COMMENT,,Local:8:O,"""DOCK #3 FAN ON   """,,Local:8:O.DATA.13
COMMENT,,Local:8:O,"""DOCK #3 LIQUID SOLENOID   """,,Local:8:O.DATA.14
COMMENT,,Local:9:O,"""COOLER FAN ON   """,,Local:9:O.DATA.0
COMMENT,,Local:9:O,"""COOLER LIQUID SOLENOID   """,,Local:9:O.DATA.1
COMMENT,,Local:9:O,"""COOLER HOT GAS SOLENOID   """,,Local:9:O.DATA.2
COMMENT,,Local:9:O,"""PALLETIZER FAN ON   """,,Local:9:O.DATA.3
COMMENT,,Local:9:O,"""PALLETIZER LIQUID SOLENOID   """,,Local:9:O.DATA.4
COMMENT,,Local:9:O,"""PALLETIZER HOT GAS SOLENOID   """,,Local:9:O.DATA.5
COMMENT,,Local:9:O,"""LIQUID LINE SOLENOID   """,,Local:9:O.DATA.6
COMMENT,,Local:9:O,"""KING VALVE    """,,Local:9:O.DATA.7
COMMENT,,Local:9:O,"""COMPRESSORS TRIP TO PHONE DIALER   """,,Local:9:O.DATA.8
COMMENT,,Local:10.0:O,"""SLOT 10 1746-NR8 MOD. CHANNEL 0 CONFIGURATION WORD""",,Local:10.0:O.DATA.
COMMENT,,Local:10:O,"""SLOT 10 1746-NR8 MOD. CHANNEL 0 CALIBRATE DISABLE SELECT BIT""",,Local:10:O.DATA.13
COMMENT,,Local:10.1:O,"""SLOT 10 1746-NR8 MOD. CHANNEL 1 CONFIGURATION WORD""",,Local:10.1:O.DATA.
COMMENT,,Local:10:O,"""SLOT 10 1746-NR8 MOD. CHANNEL 1 CALIBRATE DISABLE SELECT BIT""",,Local:10:O.DATA.29
COMMENT,,Local:10.2:O,"""SLOT 10 1746-NR8 MOD. CHANNEL 2 CONFIGURATION WORD""",,Local:10.2:O.DATA.
COMMENT,,Local:10:O,"""SLOT 10 1746-NR8 MOD. CHANNEL 2 CALIBRATE DISABLE SELECT BIT""",,Local:10:O.DATA.45
COMMENT,,Local:10.3:O,"""SLOT 10 1746-NR8 MOD. CHANNEL 3 CONFIGURATION WORD""",,Local:10.3:O.DATA.
COMMENT,,Local:10:O,"""SLOT 10 1746-NR8 MOD. CHANNEL 3 CALIBRATE DISABLE SELECT BIT""",,Local:10:O.DATA.61
COMMENT,,Local:10.4:O,"""SLOT 10 1746-NR8 MOD. CHANNEL 4 CONFIGURATION WORD""",,Local:10.4:O.DATA.
COMMENT,,Local:10:O,"""SLOT 10 1746-NR8 MOD. CHANNEL 4 CALIBRATE DISABLE SELECT BIT""",,Local:10:O.DATA.77
COMMENT,,Local:10.5:O,"""SLOT 10 1746-NR8 MOD. CHANNEL 5 CONFIGURATION WORD""",,Local:10.5:O.DATA.
COMMENT,,Local:10:O,"""SLOT 10 1746-NR8 MOD. CHANNEL 5 CALIBRATE DISABLE SELECT BIT""",,Local:10:O.DATA.93
COMMENT,,Local:10.6:O,"""SLOT 10 1746-NR8 MOD. CHANNEL 6 CONFIGURATION WORD""",,Local:10.6:O.DATA.
COMMENT,,Local:10:O,"""SLOT 10 1746-NR8 MOD. CHANNEL 6 CALIBRATE DISABLE SELECT BIT""",,Local:10:O.DATA.109
COMMENT,,Local:10.7:O,"""SLOT 10 1746-NR8 MOD. CHANNEL 7 CONFIGURATION WORD""",,Local:10.7:O.DATA.
COMMENT,,Local:10:O,"""SLOT 10 1746-NR8 MOD. CHANNEL 7 CALIBRATE DISABLE SELECT BIT""",,Local:10:O.DATA.125
COMMENT,,Local:12.1:O,"""    """,,Local:12.1:O.DATA.
COMMENT,,Local:16:O,"""AU-1A FANS    """,,Local:16:O.DATA.0
COMMENT,,Local:16:O,"""AU-1A LIQUID SV   """,,Local:16:O.DATA.1
COMMENT,,Local:16:O,"""AU-1A +10 DEG SUCTION SV   """,,Local:16:O.DATA.2
COMMENT,,Local:16:O,"""AU-1A -25 DEG PR. PILOT SV  """,,Local:16:O.DATA.3
COMMENT,,Local:16:O,"""AU-1A BLEED PILOT SV   """,,Local:16:O.DATA.4
COMMENT,,Local:16:O,"""AU-1A HOT GAS SV   """,,Local:16:O.DATA.5
COMMENT,,Local:16:O,"""AU-1A EQUALIZING SV   """,,Local:16:O.DATA.6
COMMENT,,Local:0:R6,"""COMPRESSOR 1 BSL CONTROL   """,,Local:0:R6.DATA.
COMMENT,,Local:1:R6,"""COMPRESSOR 1 BSR CONTROL   """,,Local:1:R6.DATA.
COMMENT,,Local:0:S,"""Arithmetic Flags   """,,Local:0:S.DATA.
COMMENT,,Local:0:S,"""Processor Arithmetic Carry Flag """,,Local:0:S.DATA.0
COMMENT,,Local:0:S,"""Processor Arithmetic Underflow/ Overflow Flag""",,Local:0:S.DATA.1
COMMENT,,Local:0:S,"""Processor Arithmetic Zero Flag """,,Local:0:S.DATA.2
COMMENT,,Local:0:S,"""Processor Arithmetic Sign Flag """,,Local:0:S.DATA.3
COMMENT,,Local:1:S,"""Processor Mode Status/ Control """,,Local:1:S.DATA.
COMMENT,,Local:1:S,"""Processor Mode Bit 0  """,,Local:1:S.DATA.0
COMMENT,,Local:1:S,"""Processor Mode Bit 1  """,,Local:1:S.DATA.1
COMMENT,,Local:1:S,"""Processor Mode Bit 2  """,,Local:1:S.DATA.2
COMMENT,,Local:1:S,"""Processor Mode Bit 3  """,,Local:1:S.DATA.3
COMMENT,,Local:1:S,"""Processor Mode Bit 4  """,,Local:1:S.DATA.4
COMMENT,,Local:1:S,"""Forces Enabled   """,,Local:1:S.DATA.5
COMMENT,,Local:1:S,"""Forces Present   """,,Local:1:S.DATA.6
COMMENT,,Local:1:S,"""Comms Active   """,,Local:1:S.DATA.7
COMMENT,,Local:1:S,"""Fault Override at Powerup  """,,Local:1:S.DATA.8
COMMENT,,Local:1:S,"""Startup Protection Fault  """,,Local:1:S.DATA.9
COMMENT,,Local:1:S,"""Load Memory Module on Memory Error""",,Local:1:S.DATA.10
COMMENT,,Local:1:S,"""Load Memory Module Always """,,Local:1:S.DATA.11
COMMENT,,Local:1:S,"""Load Memory Module and RUN """,,Local:1:S.DATA.12
COMMENT,,Local:1:S,"""Major Error Halted  """,,Local:1:S.DATA.13
COMMENT,,Local:1:S,"""Access Denied   """,,Local:1:S.DATA.14
COMMENT,,Local:1:S,"""First Pass    """,,Local:1:S.DATA.15
COMMENT,,Local:2:S,"""STI Pending   """,,Local:2:S.DATA.0
COMMENT,,Local:2:S,"""STI Enabled   """,,Local:2:S.DATA.1
COMMENT,,Local:2:S,"""STI Executing   """,,Local:2:S.DATA.2
COMMENT,,Local:2:S,"""Index Addressing File Range  """,,Local:2:S.DATA.3
COMMENT,,Local:2:S,"""Saved with Debug Single Step """,,Local:2:S.DATA.4
COMMENT,,Local:2:S,"""DH-485 Incoming Command Pending """,,Local:2:S.DATA.5
COMMENT,,Local:2:S,"""DH-485 Message Reply Pending """,,Local:2:S.DATA.6
COMMENT,,Local:2:S,"""DH-485 Outgoing Message Command Pending""",,Local:2:S.DATA.7
COMMENT,,Local:2:S,"""Comms Servicing Selection  """,,Local:2:S.DATA.15
COMMENT,,Local:3:S,"""Current Scan Time/ Watchdog Scan Time """,,Local:3:S.DATA.
COMMENT,,Local:4:S,"""Time Base    """,,Local:4:S.DATA.
COMMENT,,Local:5:S,"""Overflow Trap   """,,Local:5:S.DATA.0
COMMENT,,Local:5:S,"""Control Register Error  """,,Local:5:S.DATA.2
COMMENT,,Local:5:S,"""Major Err Detected Executing UserFault Routine""",,Local:5:S.DATA.3
COMMENT,,Local:5:S,"""M0-M1 Referenced on Disabled Slot""",,Local:5:S.DATA.4
COMMENT,,Local:5:S,"""Memory Module Boot  """,,Local:5:S.DATA.8
COMMENT,,Local:5:S,"""Memory Module Password Mismatch """,,Local:5:S.DATA.9
COMMENT,,Local:5:S,"""STI Overflow   """,,Local:5:S.DATA.10
COMMENT,,Local:5:S,"""Battery Low   """,,Local:5:S.DATA.11
COMMENT,,Local:6:S,"""Major Error Fault Code """,,Local:6:S.DATA.
COMMENT,,Local:7:S,"""Suspend Code   """,,Local:7:S.DATA.
COMMENT,,Local:8:S,"""Suspend File   """,,Local:8:S.DATA.
COMMENT,,Local:9:S,"""Active Nodes   """,,Local:9:S.DATA.
COMMENT,,Local:10:S,"""Active Nodes   """,,Local:10:S.DATA.
COMMENT,,Local:11:S,"""I/O Slot Enables   """,,Local:11:S.DATA.
COMMENT,,Local:12:S,"""I/O Slot Enables   """,,Local:12:S.DATA.
COMMENT,,Local:13:S,"""Math Register   """,,Local:13:S.DATA.
COMMENT,,Local:14:S,"""Math Register   """,,Local:14:S.DATA.
COMMENT,,Local:15:S,"""Node Address/ Baud Rate  """,,Local:15:S.DATA.
COMMENT,,Local:16:S,"""Debug Single Step Rung  """,,Local:16:S.DATA.
COMMENT,,Local:17:S,"""Debug Single Step File  """,,Local:17:S.DATA.
COMMENT,,Local:18:S,"""Debug Single Step Breakpoint Rung""",,Local:18:S.DATA.
COMMENT,,Local:19:S,"""Debug Single Step Breakpoint File""",,Local:19:S.DATA.
COMMENT,,Local:20:S,"""Debug Fault/ Powerdown Rung """,,Local:20:S.DATA.
COMMENT,,Local:21:S,"""Debug Fault/ Powerdown File """,,Local:21:S.DATA.
COMMENT,,Local:22:S,"""Maximum Observed Scan Time  """,,Local:22:S.DATA.
COMMENT,,Local:23:S,"""Average Scan Time   """,,Local:23:S.DATA.
COMMENT,,Local:24:S,"""Index Register   """,,Local:24:S.DATA.
COMMENT,,Local:25:S,"""I/O Interrupt Pending  """,,Local:25:S.DATA.
COMMENT,,Local:26:S,"""I/O Interrupt Pending  """,,Local:26:S.DATA.
COMMENT,,Local:27:S,"""I/O Interrupt Enabled  """,,Local:27:S.DATA.
COMMENT,,Local:28:S,"""I/O Interrupt Enabled  """,,Local:28:S.DATA.
COMMENT,,Local:29:S,"""User Fault Routine File Number """,,Local:29:S.DATA.
COMMENT,,Local:30:S,"""STI Setpoint   """,,Local:30:S.DATA.
COMMENT,,Local:31:S,"""STI File Number   """,,Local:31:S.DATA.
COMMENT,,Local:32:S,"""I/O Interrupt Executing  """,,Local:32:S.DATA.
COMMENT,,Local:33:S,"""Extended Proc Status Control Word""",,Local:33:S.DATA.
COMMENT,,Local:33:S,"""Incoming Command Pending  """,,Local:33:S.DATA.0
COMMENT,,Local:33:S,"""Message Reply Pending  """,,Local:33:S.DATA.1
COMMENT,,Local:33:S,"""Outgoing Message Command Pending """,,Local:33:S.DATA.2
COMMENT,,Local:33:S,"""Selection Status User/DF1  """,,Local:33:S.DATA.3
COMMENT,,Local:33:S,"""Communicat Active   """,,Local:33:S.DATA.4
COMMENT,,Local:33:S,"""Communicat Servicing Selection  """,,Local:33:S.DATA.5
COMMENT,,Local:33:S,"""Message Servicing Selection Channel 0 """,,Local:33:S.DATA.6
COMMENT,,Local:33:S,"""Message Servicing Selection Channel 1 """,,Local:33:S.DATA.7
COMMENT,,Local:33:S,"""Interrupt Latency Control Flag """,,Local:33:S.DATA.8
COMMENT,,Local:33:S,"""Scan Toggle Flag  """,,Local:33:S.DATA.9
COMMENT,,Local:33:S,"""Discrete Input Interrupt Reconfigur Flag""",,Local:33:S.DATA.10
COMMENT,,Local:33:S,"""Online Edit Status  """,,Local:33:S.DATA.11
COMMENT,,Local:33:S,"""Online Edit Status  """,,Local:33:S.DATA.12
COMMENT,,Local:33:S,"""Scan Time Timebase Selection  """,,Local:33:S.DATA.13
COMMENT,,Local:33:S,"""DTR Control Bit  """,,Local:33:S.DATA.14
COMMENT,,Local:33:S,"""DTR Force Bit   """,,Local:33:S.DATA.15
COMMENT,,Local:34:S,"""Pass-thru Disabled   """,,Local:34:S.DATA.
COMMENT,,Local:34:S,"""Pass-Thru Disabled Flag  """,,Local:34:S.DATA.0
COMMENT,,Local:34:S,"""DH+ Active Node Table Enable Flag """,,Local:34:S.DATA.1
COMMENT,,Local:34:S,"""Floating Point Math Flag Disable """,,Local:34:S.DATA.2
COMMENT,,Local:35:S,"""Last 1 ms Scan Time   """,,Local:35:S.DATA.
COMMENT,,Local:36:S,"""Extended Minor Error Bits  """,,Local:36:S.DATA.
COMMENT,,Local:36:S,"""Dll Lost    """,,Local:36:S.DATA.8
COMMENT,,Local:36:S,"""STI Lost    """,,Local:36:S.DATA.9
COMMENT,,Local:36:S,"""Memory Module Data File Overwrite Protection""",,Local:36:S.DATA.10
COMMENT,,Local:37:S,"""Clock Calendar Year  """,,Local:37:S.DATA.
COMMENT,,Local:38:S,"""Clock Calendar Month  """,,Local:38:S.DATA.
COMMENT,,Local:39:S,"""Clock Calendar Day  """,,Local:39:S.DATA.
COMMENT,,Local:40:S,"""Clock Calendar Hours  """,,Local:40:S.DATA.
COMMENT,,Local:41:S,"""Clock Calendar Minutes  """,,Local:41:S.DATA.
COMMENT,,Local:42:S,"""Clock Calendar Seconds  """,,Local:42:S.DATA.
COMMENT,,Local:43:S,"""STI Interrupt Time  """,,Local:43:S.DATA.
COMMENT,,Local:44:S,"""I/O Event Interrupt Time  """,,Local:44:S.DATA.
COMMENT,,Local:45:S,"""Dll Interrupt Time  """,,Local:45:S.DATA.
COMMENT,,Local:46:S,"""Discrete Input Interrupt- File Number""",,Local:46:S.DATA.
COMMENT,,Local:47:S,"""Discrete Input Interrupt- Slot Number""",,Local:47:S.DATA.
COMMENT,,Local:48:S,"""Discrete Input Interrupt- Bit Mask """,,Local:48:S.DATA.
COMMENT,,Local:49:S,"""Discrete Input Interrupt- Compare Value""",,Local:49:S.DATA.
COMMENT,,Local:50:S,"""Processor Catalog Number  """,,Local:50:S.DATA.
COMMENT,,Local:51:S,"""Discrete Input Interrupt- Return Number""",,Local:51:S.DATA.
COMMENT,,Local:52:S,"""Discrete Input Interrupt- Accumulat """,,Local:52:S.DATA.
COMMENT,,Local:53:S,"""Discrete Input Interrupt- Timer """,,Local:53:S.DATA.
COMMENT,,Local:54:S,"""Discrete Input Interrupt- Timer """,,Local:54:S.DATA.
COMMENT,,Local:55:S,"""Last Dll Scan Time  """,,Local:55:S.DATA.
COMMENT,,Local:56:S,"""Maximum Observed Dll Scan Time """,,Local:56:S.DATA.
COMMENT,,Local:57:S,"""Operating System Catalog Number """,,Local:57:S.DATA.
COMMENT,,Local:58:S,"""Operating System Series  """,,Local:58:S.DATA.
COMMENT,,Local:59:S,"""Operating System FRN   """,,Local:59:S.DATA.
COMMENT,,Local:61:S,"""Processor Series   """,,Local:61:S.DATA.
COMMENT,,Local:62:S,"""Processor Revision   """,,Local:62:S.DATA.
COMMENT,,Local:63:S,"""User Program Type  """,,Local:63:S.DATA.
COMMENT,,Local:64:S,"""User Program Functional Index """,,Local:64:S.DATA.
COMMENT,,Local:65:S,"""User RAM Size   """,,Local:65:S.DATA.
COMMENT,,Local:66:S,"""Flash EEPROM Size  """,,Local:66:S.DATA.
COMMENT,,Local:67:S,"""Channel 0 Active Nodes  """,,Local:67:S.DATA.
COMMENT,,Local:68:S,"""Channel 0 Active Nodes  """,,Local:68:S.DATA.
COMMENT,,Local:69:S,"""Channel 0 Active Nodes  """,,Local:69:S.DATA.
COMMENT,,Local:70:S,"""Channel 0 Active Nodes  """,,Local:70:S.DATA.
COMMENT,,Local:71:S,"""Channel 0 Active Nodes  """,,Local:71:S.DATA.
COMMENT,,Local:72:S,"""Channel 0 Active Nodes  """,,Local:72:S.DATA.
COMMENT,,Local:73:S,"""Channel 0 Active Nodes  """,,Local:73:S.DATA.
COMMENT,,Local:74:S,"""Channel 0 Active Nodes  """,,Local:74:S.DATA.
COMMENT,,Local:75:S,"""Channel 0 Active Nodes  """,,Local:75:S.DATA.
COMMENT,,Local:76:S,"""Channel 0 Active Nodes  """,,Local:76:S.DATA.
COMMENT,,Local:77:S,"""Channel 0 Active Nodes  """,,Local:77:S.DATA.
COMMENT,,Local:78:S,"""Channel 0 Active Nodes  """,,Local:78:S.DATA.
COMMENT,,Local:79:S,"""Channel 0 Active Nodes  """,,Local:79:S.DATA.
COMMENT,,Local:80:S,"""Channel 0 Active Nodes  """,,Local:80:S.DATA.
COMMENT,,Local:81:S,"""Channel 0 Active Nodes  """,,Local:81:S.DATA.
COMMENT,,Local:82:S,"""Channel 0 Active Nodes  """,,Local:82:S.DATA.
COMMENT,,Local:83:S,"""DH+ Active Nodes   """,,Local:83:S.DATA.
COMMENT,,Local:84:S,"""DH+ Active Nodes   """,,Local:84:S.DATA.
COMMENT,,Local:85:S,"""DH+ Active Nodes   """,,Local:85:S.DATA.
COMMENT,,Local:86:S,"""DH+ Active Nodes   """,,Local:86:S.DATA.
COMMENT,,Local:0:T4,"""SYSTEM STARTUP INITIALIZE TIMER  """,,Local:0:T4.DATA.
COMMENT,,Local:1:T4,"""SYSTEM STARTUP COMPRESSOR DELAY TIMER  """,,Local:1:T4.DATA.
COMMENT,,Local:5:T4,"""SLOT 10 RTD MODULE CHANNEL 0 AUTOCALIBRATION DELAY TIMER""",,Local:5:T4.DATA.
COMMENT,,Local:6:T4,"""SLOT 10 RTD MODULE CHANNEL 1 AUTOCALIBRATION DELAY TIMER""",,Local:6:T4.DATA.
COMMENT,,Local:7:T4,"""SLOT 10 RTD MODULE CHANNEL 2 AUTOCALIBRATION DELAY TIMER""",,Local:7:T4.DATA.
COMMENT,,Local:8:T4,"""SLOT 10 RTD MODULE CHANNEL 3 AUTOCALIBRATION DELAY TIMER""",,Local:8:T4.DATA.
COMMENT,,Local:9:T4,"""SLOT 10 RTD MODULE CHANNEL 4 AUTOCALIBRATION DELAY TIMER""",,Local:9:T4.DATA.
COMMENT,,Local:10:T4,"""SLOT 10 RTD MODULE CHANNEL 5 AUTOCALIBRATION DELAY TIMER""",,Local:10:T4.DATA.
COMMENT,,Local:11:T4,"""SLOT 10 RTD MODULE CHANNEL 6 AUTOCALIBRATION DELAY TIMER""",,Local:11:T4.DATA.
COMMENT,,Local:12:T4,"""SLOT 10 RTD MODULE CHANNEL 7 AUTOCALIBRATION DELAY TIMER""",,Local:12:T4.DATA.
COMMENT,,Local:15:T4,"""COMPRESSOR #2 NODE 1 COMMUNICATION RESPONSE FAILURE TIMER""",,Local:15:T4.DATA.
COMMENT,,Local:16:T4,"""COMPRESSOR #3 NODE 2 COMMUNICATION REPONSE FAILURE TIMER""",,Local:16:T4.DATA.
COMMENT,,Local:20:T4,"""COMPRESSOR #2 CENTRAL CONTROL SELECTOR SWITCH IN OFF POSITION DELAY TIMER""",,Local:20:T4.DATA.
COMMENT,,Local:21:T4,"""COMPRESSOR #3 CENTRAL CONTROL SELECTOR SWITCH IN OFF POSITION DELAY TIMER""",,Local:21:T4.DATA.
COMMENT,,Local:24:T4,"""COMPRESSOR 2 CENTRAL CONTROL SELECTOR SWITCH NOT IN AUTO DELAY TIMER""",,Local:24:T4.DATA.
COMMENT,,Local:25:T4,"""COMPRESSOR 3 CENTRAL CONTROL SELECTOR SWITCH NOT IN AUTO DELAY TIMER""",,Local:25:T4.DATA.
COMMENT,,Local:28:T4,"""COMPRESSOR 1 MAX RUNTIME @ MIN CAPACITY  """,,Local:28:T4.DATA.
COMMENT,,Local:29:T4,"""COMPRESSOR #2 CONTROL MAX RUNTIME @ MIN CAPACITY DURATION TIMER """,,Local:29:T4.DATA.
COMMENT,,Local:30:T4,"""COMPRESSOR #3 CONTROL MAX RUNTIME @ MIN CAPACITY DURATION TIMER """,,Local:30:T4.DATA.
COMMENT,,Local:34:T4,"""COMPRESSOR 2 CANNOT REACH MAX. CAPACITY DELAY TIMER """,,Local:34:T4.DATA.DN
COMMENT,,Local:35:T4,"""COMPRESSOR 3 CANNOT REACH MAX. CAPACITY DELAY TIMER """,,Local:35:T4.DATA.DN
COMMENT,,Local:39:T4,"""COMPRESSOR 2 CONTROL STARTUP LOADING DELAY TIMER """,,Local:39:T4.DATA.
COMMENT,,Local:40:T4,"""COMPRESSOR 3 CONTROL STARTUP LOADING DELAY TIMER """,,Local:40:T4.DATA.
COMMENT,,Local:44:T4,"""COMPRESSOR 1 ANTIRECYCLE DELAY TIMER  """,,Local:44:T4.DATA.
COMMENT,,Local:45:T4,"""COMPRESSOR 2 ANTIRECYCLE DELAY TIMER  """,,Local:45:T4.DATA.
COMMENT,,Local:46:T4,"""COMPRESSOR 3 ANTIRECYCLE DELAY TIMER  """,,Local:46:T4.DATA.
COMMENT,,Local:48:T4,"""COMPRESSOR 1 DELAY ACTIVATION OF ANTIRECYCLE CONTROL LOGIC DWELL TIMER""",,Local:48:T4.DATA.
COMMENT,,Local:49:T4,"""COMPRESSOR 2 DELAY ACTIVATION OF ANTIRECYCLE CONTROL LOGIC DWELL TIMER""",,Local:49:T4.DATA.
COMMENT,,Local:50:T4,"""COMPRESSOR 3 DELAY ACTIVATION OF ANTIRECYCLE CONTROL LOGIC DWELL TIMER""",,Local:50:T4.DATA.
COMMENT,,Local:53:T4,"""HIGH STAGE UNLOAD PULSE TIMER  """,,Local:53:T4.DATA.
COMMENT,,Local:54:T4,"""HIGH STAGE LOAD PULSE TIMER  """,,Local:54:T4.DATA.
COMMENT,,Local:55:T4,"""LOW STAGE LOAD PULSE TIMER  """,,Local:55:T4.DATA.
COMMENT,,Local:56:T4,"""LOW STAGE UNLOAD PULSE TIMER  """,,Local:56:T4.DATA.
COMMENT,,Local:60:T4,"""CONDENSER LOAD TIME   """,,Local:60:T4.DATA.
COMMENT,,Local:61:T4,"""CONDENSER UNLOAD TIME   """,,Local:61:T4.DATA.
COMMENT,,Local:63:T4,"""COMPRESSOR 1 MOTOR STARTER DIDN'T COME ON  """,,Local:63:T4.DATA.
COMMENT,,Local:64:T4,"""COMPRESSOR 1 MOTOR STARTER DIDN'T SHUT OFF  """,,Local:64:T4.DATA.
COMMENT,,Local:66:T4,"""CONDENSER PUMP #1 FEEDBACK TIMER ALARM """,,Local:66:T4.DATA.
COMMENT,,Local:67:T4,"""CONDENSER PUMP #2 RUN FEEDBACK TIMER ALARM """,,Local:67:T4.DATA.
COMMENT,,Local:68:T4,"""CONDENSER FAN RUN FEEDBACK TIMER ALARM """,,Local:68:T4.DATA.
COMMENT,,Local:70:T4,"""HIGH DISCHARGE PRESSURE SHUTDOWN DELAY  """,,Local:70:T4.DATA.
COMMENT,,Local:75:T4,"""FREEZER #1 DEFROST TIMER   """,,Local:75:T4.DATA.
COMMENT,,Local:76:T4,"""FREEZER #2 DEFROST TIMER   """,,Local:76:T4.DATA.
COMMENT,,Local:77:T4,"""FREEZER #3 DEFROST TIMER   """,,Local:77:T4.DATA.
COMMENT,,Local:78:T4,"""FREEZER #4 DEFROST TIMER   """,,Local:78:T4.DATA.
COMMENT,,Local:81:T4,"""COOLER DEFROST TIMER   """,,Local:81:T4.DATA.
COMMENT,,Local:82:T4,"""PALLETIZER DEFROST TIMER   """,,Local:82:T4.DATA.
COMMENT,,Local:84:T4,"""FREEZER #1 RUN FEEDBACK TIMER ALARM  """,,Local:84:T4.DATA.
COMMENT,,Local:85:T4,"""FREEZER #2 FAN RUN FEEDBACK TIMER ALARM """,,Local:85:T4.DATA.
COMMENT,,Local:86:T4,"""FREEZER #3 FAN RUN FEEDBACK TIMER ALARM """,,Local:86:T4.DATA.
COMMENT,,Local:87:T4,"""FREEZER #4 FAN RUN FEEDBACK TIMER ALARM """,,Local:87:T4.DATA.
COMMENT,,Local:88:T4,"""DOCK #1 FAN RUN FEEDBACK TIMER ALARM """,,Local:88:T4.DATA.
COMMENT,,Local:89:T4,"""DOCK #2 FAN RUN FEEDBACK TIMER ALARM """,,Local:89:T4.DATA.
COMMENT,,Local:90:T4,"""DOCK #3 FAN RUN FEEDBACK TIMER ALARM """,,Local:90:T4.DATA.
COMMENT,,Local:91:T4,"""COOLER FAN RUN FEEDBACK TIMER ALARM """,,Local:91:T4.DATA.
COMMENT,,Local:92:T4,"""PALLETIZER FAN RUN FEEDBACK TIMER ALARM """,,Local:92:T4.DATA.
COMMENT,,Local:3:U,"""COMPRESSOR CONTROL AND SEQUENCING SUBROUTINE  """,,Local:3:U.DATA.
COMMENT,,Local:4:U,"""AIR UNIT CONTROL AND SEQUENCING SUBROUTINE """,,Local:4:U.DATA.
COMMENT,,Local:5:U,"""CONDENSER CONTROL AND SEQUENCING SUBROUTINE """,,Local:5:U.DATA.
COMMENT,,Local:6:U,"""ANALOG INPUT DEVICE CONFIGURATION AND DATA CAPTURE SUBROUTINE """,,Local:6:U.DATA.
COMMENT,,Local:7:U,"""COMPRESSOR COMMUNICATION SUBROUTINE  """,,Local:7:U.DATA.
COMMENT,,Local:8:U,"""ALARM SUBROUTINE   """,,Local:8:U.DATA.
COMMENT,,Local:9:U,"""PANELVIEW SUBROUTINE   """,,Local:9:U.DATA.
COMMENT,,Local:00000:DFILE,"""OUTPUT    """,,Local:00000:DFILE.DATA.
COMMENT,,Local:00001:DFILE,"""INPUT    """,,Local:00001:DFILE.DATA.
COMMENT,,Local:00002:DFILE,"""STATUS    """,,Local:00002:DFILE.DATA.
COMMENT,,Local:00003:DFILE,"""BINARY    """,,Local:00003:DFILE.DATA.
COMMENT,,Local:00004:DFILE,"""TIMER    """,,Local:00004:DFILE.DATA.
COMMENT,,Local:00005:DFILE,"""COUNTER    """,,Local:00005:DFILE.DATA.
COMMENT,,Local:00006:DFILE,"""CONTROL    """,,Local:00006:DFILE.DATA.
COMMENT,,Local:00007:DFILE,"""INTEGER    """,,Local:00007:DFILE.DATA.
COMMENT,,Local:00008:DFILE,"""FLOAT    """,,Local:00008:DFILE.DATA.
COMMENT,,Local:00011:DFILE,"""COMP 2 COMPRESSOR #2   """,,Local:00011:DFILE.DATA.
COMMENT,,Local:00012:DFILE,"""COMP 3 COMPRESSOR #3   """,,Local:00012:DFILE.DATA.
COMMENT,,Local:00015:DFILE,"""AU SETPTS AU SETPOINTS   """,,Local:00015:DFILE.DATA.
COMMENT,,Local:00016:DFILE,"""COND FAN Condenser Fan VFD co ntrol  """,,Local:00016:DFILE.DATA.
COMMENT,,Local:00002:PFILE,"""MAIN CONTROL PROGRAM    """,,Local:00002:PFILE.DATA.
COMMENT,,Local:00003:PFILE,"""COMPRESSOR CONTROL C ODE   """,,Local:00003:PFILE.DATA.
COMMENT,,Local:00004:PFILE,"""AIR UNIT CONTROL COD E   """,,Local:00004:PFILE.DATA.
COMMENT,,Local:00005:PFILE,"""CONDENSER CONTROL CO DE   """,,Local:00005:PFILE.DATA.
COMMENT,,Local:00006:PFILE,"""ANALOG INPUT VALUES    """,,Local:00006:PFILE.DATA.
COMMENT,,Local:00007:PFILE,"""COMPRESSOR COMMUNICA TION CODE   """,,Local:00007:PFILE.DATA.
COMMENT,,Local:00008:PFILE,"""ALARMS    """,,Local:00008:PFILE.DATA.
COMMENT,,Local:00009:PFILE,"""All of the informati on needed for the Pa nelview  """,,Local:00009:PFILE.DATA.
